,id,title,description,publishedAt,channelTitle,channelId,categoryId,tags,viewCount,likeCount,dislikeCount,commentCount,favoriteCount,channelViewCount,subscriberCount,hiddenSubscriberCount,videoCount,channelPublishedAt,customUrl,channelDescription,rank,dataTakenAt
1,sS5-qOCSZhQ,"""UNGEIMPFT"": Wie Sahra Wagenknecht ihre Corona-Impf-Ablehnung begr√ºndet | WELT Interview","Die fr√ºhere Fraktionschefin der Linken, Sahra Wagenknecht, hat ihre Aussagen zur Corona-Impfung im WELT Interview verteidigt. Sie beklagt die gesellschaftliche Spaltung zwischen Geimpften und Ungeimpften. Sie pers√∂nlich wartet auf eine klassischen Impfstoff gegen den Coronavirus.

#corona #wagenknecht #impfstoff

Der WELT Nachrichten-Livestream http://bit.ly/2fwuMPg
Abonniere den WELT YouTube Channel http://bit.ly/WeltVideoTVabo
Die Top-Nachrichten auf WELT.de http://bit.ly/2rQQD9Q
Unsere Reportagen & Dokumentationen http://bit.ly/WELTdokus
Die Mediathek auf WELT.de http://bit.ly/2Iydxv8
WELT Nachrichtensender auf Instagram https://bit.ly/IGWELTTV
WELT auf Instagram http://bit.ly/2X1M7Hk

In eigener Sache: Wegen des hohen Aufkommens unsachlicher und beleidigender Beitr√§ge k√∂nnen wir zurzeit keine Kommentare mehr zulassen. 

Danke f√ºr Eurer Verst√§ndnis - das WELT-Team

Video 2021 erstellt",2021-11-18 15:15:02+00:00,WELT Nachrichtensender,UCZMsvbAhhRblVGXmEXW8TSA,25,"['aktuell', 'welt', 'n24', 'nachrichten', 'news', 'video', 'tv', 'fernsehen', '2021', 'nachrichten aktuell', 'deutschland', 'politik', 'bundetag', 'sahra wagenknecht', 'wagenknecht', 'ungeimpft', 'corona', 'coronavirus', 'totimpfstoff', 'mrna', 'aktuelle corona zahlen', 'sars cov 2', 'infektionen', 'rki', 'epidemie', 'pandemie', 'covid19', 'impfung', 'impfstoff', 'pcr test', 'ma√ünahmen', 'covid', 'covid 19', 'schnelltest', 'hausarzt', 'geimpfte', 'genesene', 'inzidenz', 'vierte welle', 'ungeimpfte', 'dritte impfung', 'booster', '2g regel', 'lockdown', 'h√∂chtswerte', 'welt interview']",1303154,56573,3453,0,0,1192625644,1050000,False,39119,2011-05-04 14:49:18+00:00,weltvideotv,WELT (ehemals N24) - Deutschlands erfolgreichster Nachrichtensender.,1,2021-11-20 04:00:06.241715
2,eJlDZHeCZ8Q,Bushido - Giftgr√ºnes B (Prod. by Bushido & Golddiggaz),"‚ñ∫Bushido Channel abonnieren: http://ytb.li/Bushido
‚ñ∫""Giftgr√ºnes B"" jetzt streamen: https://lnk.site/giftgrunes-b
‚ñ∫""Sonny Black 2"" bestellen: http://bushido.fty.li/SonnyBlack2
‚ñ∫Bushido Social Media: http://bushido.fty.li/social

Scratches by DJ Rafik
Video von Orkan Ce

Hier die Single ""Giftgr√ºnes B"" aus dem Album ""Sonny Black 2"" von Bushido. Teilt das Video, kommentiert es und gebt einen Daumen hoch. Um nichts zu verpassen, checkt Bushidos YouTube-Kanal, den ihr hier abonnieren k√∂nnt: http://ytb.li/Bushido

Folgt, liked und besucht Bushido au√üerdem in allen g√§ngigen Sozialen Netzwerken:

‚ñ∫ Bushido:
http://bushido.fty.li/social

Wenn euch das Video gefallen hat, gebt einen Daumen hoch daf√ºr, teilt es mit euren Freunden und schreibt eure Meinung in die Kommentare.
#Bushido #SonnyBlack2 #Giftgr√ºnesB",2021-11-18 23:00:11+00:00,BUSHIDO,UCMHWpfahk3Kt8Us28Jg51nw,10,"['bushido', 'kingbushido.tv', 'bushido abonnieren', 'sonny black', 'Bushido neues Album', 'mythos', 'bushido mythos', 'bushido album 2019', 'ccn4', 'carlo cokxxx', 'ronin', 'bushido ronin', 'bushido okzident', 'okzident', 'renegade', 'bushido renegade', 'bushido ccn4', 'lichter der stadt', 'bushido lichter der stadt', 'animus', 'bushido & animus', 'bushido animus', 'Okzident', 'bushido animus okzident', 'SonyBlack2', 'SB2', 'Bushido Sonny Black 2', 'giftgr√ºnes b', 'king sonny black', 'bushido giftgr√ºnes b', 'sonny black 2 single', 'bushido album']",526797,43158,6531,8164,0,1480234403,2920000,False,226,2005-11-08 05:23:40+00:00,bushido,"Der Kanal wird aktuell nur als Pr√§sentationsplattform genutzt. Nachrichten k√∂nnen generell nicht beantwortet werden.

‚ñ∫Bushido Channel abonnieren: http://ytb.li/Bushido
‚ñ∫Sonny Black 2 jetzt auf Amazon bestellen: http://amzn.to/SBII
‚ñ∫Bushido Social Media: http://bushido.fty.li/social

",2,2021-11-20 04:00:06.241715
3,_NUTu92-eTk,CAPITAL BRA x MONTEZ - EIN JAHR (PROD. BY BEATZARRE & DJORKAEFF),"‚úñÔ∏è‚ñ∫EIN JAHR: https://umg.lnk.to/EinJahr
‚úñÔ∏è‚ñ∫CAPITAL BRA ARENA TOUR 22 TICKETS: https://www.eventim.de/artist/capital-bra/
‚úñÔ∏è‚ñ∫CB8 JETZT VORBESTELLEN: https://umg.lnk.to/ACHT‚Äã

‚ñ∫CAPITAL BRA
Capital Bra Channel abonnieren: http://ytb.li/CapitalBra
Capital Bra Social Media: https://umg.lnk.to/CapitalBra 
Shop: https://capitalbrashop.de/
‚ñ∫MONTEZ
Instagram https://www.instagram.com/montez.offi...
TikTok https://www.tiktok.com/@montez.official
Spotify https://spoti.fi/375mQPB

‚ñ∫Produced by: Beatzarre & Djorkaeff
‚ñ∫Video: A CLOUD95 x DigitalDonut PRODUCTION
director // Hely Doan & Traviez The Director 
creative Direction // Hely Doan 
producer // Digital Donut - Lizzow 
production assistant // Mandy Isabel Widera
DoP // Lennart Fraenkel 
1. AC // Dung D2N 
light Design // Philip Schr√∂ter (El Marino Visual) 
best Boys // Vadim Michel
set-design: Heyday Studio, Hely Doan, Traviez
h&m // Aysche Adawi 
styling // Elli Drake
postproduktion // Traviez 
colorist // LF
set-assistant // Nico Freitag 
runner // Florian Heidrich, Justin Koenders
model cast // NIA AGENCY 
set-photos: // Niklas Kamp 

info@standinfront.de",2021-11-18 23:00:15+00:00,Capital Bra,UCeJIbOka3ZF8TSWT_-kHmSA,10,"['Capital Bra', 'Joker Bra', 'Capital bra', 'Joker Bra Lecker Lecker', 'Capital Bra Lecker Lecker', 'Hip Hop', 'Tilidin', 'Cheryy Lady', 'Princessa', 'NUR NOCH GUCCI', 'Berlin Lebt', 'Berlin Lebt 2', 'Bra Musik', 'Fick 31', 'Fick 31er', 'CB6', 'Bra', 'Bratan', 'Capi', 'Deutschrap', 'Rap', 'Rolex', '110', 'Wir ticken', 'CAPITAL BRA MONTEZ EIN JAHR', 'CAPITAL BRA MONTEZ JAHR', 'CAPITAL BRA JAHR', 'MONTEZ JAHR', 'deutschrap songs', 'neue deutschrap songs', 'deutschrap lieder', 'neue deutschrap lieder', 'CAPITAL BRA MONTEZ Song', 'CAPITAL BRA MONTEZ']",440078,36942,1110,1887,0,1135064979,2610000,False,58,2018-11-05 23:12:11+00:00,,"‚ñ∫ ‚ÄûCB7‚Äú OUT NOW: https://umg.lnk.to/CB7
‚ñ∫ CB7 TOUR TICKETS: https://standinfront.de/
‚ñ∫ Capital Bra Channel abonnieren: http://ytb.li/CapitalBra
‚ñ∫ Capital Bra Social Media: http://capitalbra.fty.li/social",3,2021-11-20 04:00:06.241715
4,CKS1f_62kc0,7 vs. Wild - B√§rengebiet | Folge 4,"‚ñ∫ Am 18.11. beginnt der Rhinoshield Black Friday! 70% sparen mit dem Code: ""7VSWILD""
‚ñ∫ Link zum Black Friday Deal: https://bit.ly/3CdZKDv

‚ñ∂Ô∏è 7 vs. Wild Playlist - Alle Folgen
https://youtube.com/playlist?list=PLPyDkYYqNkPa364y3LyawL8jBTd2Ald2G

üî• Hier findest du meine Ausr√ºstung & Rabattcodes:
https://bit.ly/3ks3IA8

‚õ∫ Alle Teilnehmer
Survival Mattin: http://www.youtube.com/survivalmattin/noodlemx?sub_confirmation=1
RELOADIAK: https://www.youtube.com/user/RELOADIAK
Fabio Sch√§fer: https://www.youtube.com/c/FabioSch%C3%A4fer
DAVE: https://www.youtube.com/c/DavidHenrichs
Niklas on Fire: https://www.instagram.com/niklas.on.fire
Bommel: https://www.instagram.com/der.bommel/
Fritz Meinecke: https://www.youtube.com/c/FritzMeinecke

üé• Produktion ‚Ä¢ Schnitt ‚Ä¢ Konzept
Johannes: https://www.instagram.com/jovekamp/
Max: https://www.instagram.com/max_kovacs/

üí™üèª Backup-Team
Jens von Scandtrack: https://www.instagram.com/scandtrack/?hl=de
Notfallsanit√§ter Jan: https://www.instagram.com/leicht_entzundlich/
Mechanic Felix: https://www.instagram.com/tischi512/
Ranger Matti: https://www.instagram.com/scandtrack/?hl=de
Agatha aka. Manu: https://www.instagram.com/manuelakla/

üñºÔ∏è Grafik
Rico: https://www.instagram.com/ricovysuals/",2021-11-17 17:00:13+00:00,Fritz Meinecke,UCSyAFJ6cmgYabA0RfPCNuzA,22,"['7 vs. Wild - B√§rengebiet | Folge 4', '7 vs wild', 'fritz meinecke 7 vs wild', '7 vs wild b√§rengebiet', 'b√§rengebiet', 'b√§ren gebiet', '7 vs wild 4', '7 vs wild folge 4', '7 vs. wild', 'seven vs wild', 'fritz meinecke']",2600054,223504,1000,12521,0,215336575,1510000,False,633,2014-09-26 06:32:30+00:00,fritzmeinecke,"Fritz Meinecke - Survival Outdoor Abenteuer

Impressum:
MyMerch GbR 
z.H. Fritz Meinecke
Bernauer Stra√üe 31 
83209 Prien am Chiemsee
Deutschland

gesch√§ftliche Anfragen: business@fritzmeinecke.com",4,2021-11-20 04:00:06.241715
5,9wpqZtIeSks,Shirin David ‚Äì Bramfeld Storys  [Official Video],"Shirin David ‚Äì Bramfeld Storys
‚ñ∂Ô∏è Das Album ""Bitches brauchen Rap"" (BBR) jetzt verf√ºgbar: https://shirindavid.lnk.to/BBR

iTunes: https://shirindavid.lnk.to/BBR/iTunes
Apple Music: https://shirindavid.lnk.to/BBR/applemusic 
Amazon Music: https://shirindavid.lnk.to/BBR/amazonmusic 
Spotify: https://shirindavid.lnk.to/BBR/spotify

prod. by Frio, Juh-Dee & Young Mesh
co-written by Laas Unltd.
 
Streame und downloade alle weiteren Songs von Shirin David hier üéß 
Spotify: https://spoti.fi/2W25X0g 
Apple Music: https://www.umgt.de/OcwZn6U 
iTunes: https://www.umgt.de/3s3rEYs 
Amazon: https://www.umgt.de/Uo1KXTw 
Amazon Music: https://www.umgt.de/vILSQap 
Deezer: https://bit.ly/2VYMPjR


CREDITS

Video by: @anton
Production by STUDIO 11:40 @studioelevenforty
Director: @anton
Executive Producer: Ronja Prinz @ronja.prinz
DoP:  Lennart Fr√§nkel @lennartfraenkel
VFX: MostMagic / Julian Trunke

Production Coordinator: Pia Domkowski @piawho
1. AD: Phoebe Jardin @phibisophia
Production Assistants: Franni K√∂nig @franaya_twaine, Jil Tischer @jiltonic, Johanna Fink
1. AC: Dung Nguyen @dungd2n
Gaffer: David Wilhelm Schmitt @davidwilhelmschmitt
Spark: Jasper Techel, Antonio Venegas
Laser Operator: Thomas Hoyer
Hair Artist: Diego Fraile @diegofraile_

Edit: @anton - Shirin David
Colors: Delfina Mayer @delfina.mayer, @mapberlin

Starring:
Shirin David @shirindavid",2021-11-18 23:00:12+00:00,Shirin David,UC5ZkRnYd3__WBBGnAnWO9Cg,24,[],720771,95922,2672,4429,0,441245114,2840000,False,74,2014-03-19 18:06:06+00:00,shirindavid,"Kontaktadresse/Business Inquiries: management@shirindavid.com

Impressum
Shirin David Management GmbH
Barutherstr 23
15806 Zossen

Umsatzsteueridentifikationsnummer: DE298957983
Inhaltlich Verantwortliche gem√§√ü ¬ß 55 II RStV: 
Shirin David
",5,2021-11-20 04:00:06.241715
6,NEFR6KpgNaY,KURDO - B√âB√â (prod. by SHOKII & WAIV),"DAS NEUE ALBUM ‚ÄûMISERABEL‚Äú HIER EXKLUSIV VORBESTELLEN: 
https://www.kurdomiserabel.de

B√âB√â streamen: https://umg.lnk.to/_Bebe
KURDO folgen: https://www.instagram.com/kurdo

B√âB√â produced by 
https://www.instagram.com/shokii063
https://www.instagram.com/waivyyy

Mix & Master: Jan Magdevski @ Bassivity Studio 8
https://www.instagram.com/janmagdevski

Videoproduktion: WSW Studios
https://www.instagram.com/wswstudios

Model:
https://instagram.com/bella_beey

Danke an 
https://instagram.com/sinclubmannheim
https://instagram.com/monaco_blue_lu

https://instagram.com/prime_hairstylist
https://instagram.com/diamond_tattoo_neunkirchen

#KURDO #B√âB√â #MISERABEL",2021-11-18 23:00:09+00:00,KURDO,UCU8Xw_KewvcC3LV3Qv--JZg,10,"['Kurdo', 'B√©b√©', 'Miserabel', 'Immer Echter', 'New', 'Single', 'Neu', '2021']",246138,25550,425,1947,0,269022810,693000,False,41,2014-09-09 13:43:40+00:00,almazmusiq1,Der offizielle KURDO YouTube Kanal,6,2021-11-20 04:00:06.241715
7,9VAFU492-Dk,Sido ‚Äì Mit Dir (prod. by Beatgees) [Visualizer],"Sido - Mit Dir
Hier streamen ‚ñ∫ https://umg.lnk.to/MitDir

Hier das exklusive Bundle zu ""Mit Dir"" bestellen ‚ñ∫ https://www.bravado.de/p51-i0602445151035/sido/mit-dir/index.html

Produced by Beatgees

Visual by Felix Zimmer // https://www.instagram.com/_felixzimmer

Kanal abonnieren: 
http://bitly.com/SidoOfficial 

Mehr Infos:
https://www.instagram.com/shawnstein 
https://www.facebook.com/sidomusik 
https://twitter.com/siggismallz
http://www.sido.de 
http://www.universal-music.de/sido

#Sido #MitDir",2021-11-18 23:00:03+00:00,Sido,UChl3h_bqcx_c15f7WOtSn-A,10,"['Sido Mit dir', 'Sido', 'Mit Dir', 'Sido Mit Dir Visualizer', 'Sido Mit dir songtext', 'sido neues lied', 'sido carmen', 'sido live', 'sido angelcamp', 'Sido Mein Block', 'Sido Bilder im Kopf', 'Sido schlechtes Vorbild', 'Sido Vanessa Mai', 'sido tausend tattoos', 'Sido Mit dir lyrics', 'Sido capital', 'Sido liebe', 'Sido weihnachtssong']",195343,17521,602,1284,0,712947014,1370000,False,137,2013-10-09 11:22:55+00:00,officialsidomusik,"Offizieller Youtube Kanal von Sido

Kanal abonnieren: http://bitly.com/SidoOfficial 

Mehr Infos:
https://www.instagram.com/shawnstein
https://www.facebook.com/sidomusik 
https://twitter.com/siggismallz
http://www.sido.de 
http://www.universal-music.de/sido",7,2021-11-20 04:00:06.241715
8,Ggz5UWUqCIo,Pietro Basile & Sarah Engels - Mama (Official Video),"Jetzt streamen: https://elcartelmusic.lnk.to/Mama

Pietro Basile & Sarah Engels - Mama
https://www.instagram.com/pietrobofficial/
https://www.instagram.com/sarellax3/
Music: Pietro Basile, Giovanni Puocci, Mirko von Schlieffen, Ivo Moring, Philip K√ºhn
Mixing & Mastering: Jeo @ Jeopark
Video: @badkidsproduction
Director Vivien Bauernschmidt @just.vivien
DOP Edit Color Mischa Lorenz @mischalorenz
Label: El Cartel Music im Vertrieb von Sony Music

Danke an Alle M√ºtter und Kinder, die im Musikvideo mitgemacht haben! ‚ù§Ô∏è",2021-11-18 23:00:10+00:00,Pietro Basile,UC-YICkApvskDJ1JSXR7iQnw,10,"['pietro', 'pietro basile', 'ballade', 'romantische musik', 'sarah engels', 'sarah lombardi', 'sarah lombardi neue single', 'pietro basile neue single', 'italienische ballade', 'romantische italienische musik']",122629,7745,175,526,0,9027496,43900,False,41,2010-09-23 09:51:29+00:00,pietrobofficial,"Hallo ihr Lieben,
diese Seite ist f√ºr alle geeignet, die ihre Gef√ºhle nicht ausdr√ºcken k√∂nnen.
Ein Melodie sagt manchmal mehr als 1000 Worte.",8,2021-11-20 04:00:06.241715
9,y7tgE1-EXEA,O.G. - ICH SELBST (prod. von DTP) [official video],"""Ich selbst"" JETZT streamen: 
‚ùå https://O-G.lnk.to/IchSelbst ‚ùå

O.G. auf Instagram folgen: 
‚ùå https://instagram.com/o.g30

O.G. auf Twitter folgen:
‚ùå https://twitter.com/og_offiziell

O.G. auf TikTok folgen:
‚ùå https://vm.tiktok.com/ZMeVAwTrH/

O.G. auf Snapchat folgen:
‚ùå og_offiziell

DOPE auf Instagram folgen:
‚ùå https://instagram.com/mylabelisdope

Video von Maine Sicht:
‚ùå https://www.instagram.com/maine_sicht

Artwork von Calentura:
‚ùå https://instagram.com/calentura

Produziert von DTP:
‚ùå https://www.instagram.com/dtp.wav

Mix & Master von Niklas Neumann:
‚ùå https://www.instagram.com/nklsnmn

#OG #IchSelbst",2021-11-18 23:00:17+00:00,DOPE,UC9XRiOtfG8wyHx9cXwS9Bmg,10,[],157406,16132,293,522,0,22152786,71800,False,24,2013-09-22 15:44:16+00:00,dopeismylabel,"Offizieller YouTube Kanal des Labels ""DOPE"".",9,2021-11-20 04:00:06.241715
10,fLn0Ghl-Z34,Noten in Sport | Lewinray #shorts,"Wer f√ºhlt es?ü§£ Seid ihr gut in Sport‚úåÔ∏è?  #trend #fyp #lewinray #viral #comedy #foryou

Tik Tok: https://vm.tiktok.com/ZMdPTmYaD/
Snape: Lewinray
Insta: https://instagram.com/lewinrayy?utm_medium=copy_link",2021-11-18 15:00:18+00:00,Lewinray,UCTdvynmLeTfcaqc4k40b-dA,22,"['Trend', 'Fun', 'Funny', 'Foryou', 'Fy', 'Fyp', 'Lustig', 'Lewinray', 'Tiktok', 'Tiktokgermany', 'Youtube', 'Shorts', 'Mutter', 'Muttercomedy']",499989,45732,880,391,0,80783973,107000,False,160,2021-06-22 15:52:01.818036+00:00,,"Was geht Freunde :)

Das hier ist mein offizieller Short Kanal üî•",10,2021-11-20 04:00:06.241715
11,UOLhshREPSs,LS22 XXL Farm #1: Einzug auf dem neuen Hof mit den ersten Ger√§ten! | FARMING SIMULATOR 22,"Die XXL-Farm ist zur√ºck: Mit dem Farming Simulator 22 bzw. dem Landwirtschafts Simulator 22 starten wir wieder mit gro√üen Maschinen und abenteuerlichen Pl√§nen durch! ‚ñ∫Alle Videos der XXL Farm im LS22: https://www.youtube.com/watch?v=UOLhshREPSs&list=PLHr0jWPfoptd7wjKj9ygzRI9CbOHrGSyl&index=1 

Alle Landwirtschafts-Simulator 22-Versionen: 
‚ñ∂Ô∏èLS22 (PC): https://nplay.link/LS22 (Werbung) + Code: NPLAY5
‚ñ∂Ô∏èLS22 (Steam): https://nplay.link/LS22Steam (Werbung) + Code: NPLAY5
‚ñ∂Ô∏èLS22 (PC) + Season Pass im Bundle: https://nplay.link/LS22Year1Bundle (Werbung) + Code: NPLAY5
‚ñ∂Ô∏èLS22 (Steam) + Season Pass im Bundle: https://nplay.link/LS22Year1BundleSteam (Werbung) + Code: NPLAY5
‚ñ∂Ô∏èXbox: https://nplay.link/LS22Xbox (Werbung)
‚ñ∂Ô∏èPS4: https://nplay.link/LS22PS4 (Werbung)
‚ñ∂Ô∏èPS5: https://nplay.link/LS22PS5  (Werbung)


‚ñ∫LS-Server: http://nplay.link/LS19Server (Werbung)
‚ñ∫LS22 kaufen: https://nplay.link/LS22 (Gutscheincode NPLAY5 nutzen und 5% sparen) (Affiliate)

YOUTUBE: 
‚ñ∫Kanal kostenlos abonnieren: http://nplay.link/abonnieren

SOCIAL MEDIA: 
‚ñ∫Facebook: http://facebook.com/nordrheintvplay
‚ñ∫Instagram: https://www.instagram.com/nordrheintvplay/
‚ñ∫Twitter: http://twitter.com/nordrheintv
‚ñ∫DISCORD: http://nplay.link/Discord

EQUIPMENT: 
‚ñ∫RECARO-Gaming-Stuhl: https://nplay.link/RecaroGamingStuhl (Werbung)

‚ñ∫Lenkrad: https://amzn.to/2SHcTPh *
‚ñ∫Greenscreen: https://amzn.to/2EsGzLn *
‚ñ∫Kamera: http://amzn.to/2p25Ymq *
‚ñ∫Objektiv: http://amzn.to/2oUUUZ0 *
‚ñ∫Mikrofon: http://amzn.to/2twgTuc *
‚ñ∫Kameramikrofon: http://amzn.to/2Db9SyB *

NORDRHEINTVPLAY: 
‚ñ∫ Webseite: http://nordrheintvplay.de
Schaut gerne auf unserer Website vorbei, um alle News zu erhalten!

Simulatoren-Mods gibt es bei SIMMODS.de
‚ñ∫SIMMODS: https://simmods.de/
‚ñ∫LS22 News: https://simmods.de/ls22-alle-infos-zum-farming-simulator-22-release-infos-bilder-news/

* Die mit dem Sternchen gekennzeichneten Links sind Affiliate-Links. Mit einem Kauf √ºber diese Links unterst√ºtzt du den Kanal ohne daf√ºr mehr zu bezahlen!",2021-11-19 08:00:16+00:00,nordrheintvplay,UCCmuxDd_Gf0Ct88oo93l_0A,20,"['nordrheintvplay', 'nplay', 'Landwirtschafts Simulator 22', 'Farming Simulator 22', 'Landwirtschafts Simulator 22 XXL Farm', 'LS22 XXL Farm', 'Landtechnik', 'Landmaschinen', 'Farming Simulator 22 Xbox', 'Farming Simulator 22 Playstation', 'Farming Simulator 22 Gameplay', 'Landwirtschafts Simulator 2022', 'Landwirtschafts Simulator 22 Playstation', 'Farming Simulator 22 Preview', 'Farming', 'Landwirtschaft', 'John Deere', 'Massey Ferguson']",85926,5312,75,432,0,245125739,429000,False,5052,2013-01-23 21:16:18+00:00,nordrheintvplay,"nordrheintvplay ist dein Simulatoren-Kanal auf Youtube. Unser Motto: Wir spielen Simulatoren! Bei uns gibt es neben den normalen Let's Plays hin und wieder auch Previews und Trailer zu Simulatoren. 

Kontakt: play@nordrheintv.de 
Community TS-Server:  nordrheintvplay.nitrado.net
Community-Discord: http://nplay.link/Discord

IMPRESSUM: 
nordrheintv
Rudolf-Diesel-Stra√üe 5b
40670 Meerbusch
Deutschland

Tel.-Nr.: 02159-5339712

Vollst√§ndiges Impressum: https://nordrheintvplay.de/impressum
Datenschutzerkl√§rung: https://nordrheintvplay.de/datenschutzerklaerung
Website: https://nordrheintvplay.de/",11,2021-11-20 04:00:06.241715
12,WuveR3zACsQ,Trennung nach 37 Jahren | WDR Doku,"Gisela wird bald 87 Jahre alt und empfindet das Zusammensein mit ihrem langj√§hrigen Partner Georg immer mehr als Last. Vor 37 Jahren lernte sie ihn kennen. Damals war sie eine junge alleinstehende Witwe mit vier Kindern und er ein ungebundener Junggeselle mit vielen Interessen - ein kreativer Mann und leidenschaftlicher Fotograf. Mit ihm entdeckte sie eine neue Welt - er war so ganz anders und daf√ºr liebte sie ihn. Doch ihre Beziehung hat sich ver√§ndert und vor einigen Monaten macht Gisela mit dem 83 j√§hrigen Georg pl√∂tzlich Schluss. F√ºr ihn kommt das √ºberraschend, er wei√ü nicht wie ihm geschieht, versteht nicht, warum sie sich jetzt von ihm trennen will. 

Die 70-j√§hrige Renate fiel aus allen Wolken, als sie entdecken musste, dass ihr Mann fremd geht. Der 70-j√§hrige Karlo erkennt sich selbst nicht wieder. Denn eigentlich wollte er sie nicht verlieren, die Ehe mit Renate war sch√∂n, harmonisch, √ºberschaubar....aber irgendetwas fehlte ihm. Er hat im Internet zu anderen Frauen Kontakt gesucht und sich verliebt. √úber 20 Jahre waren Renate und er ein Paar. Und jetzt?

Trennungen im fortgeschrittenen Alter sind l√§ngst keine Ausnahmen mehr. Immer mehr √§ltere Menschen wollen angesichts ihrer letzten Lebensjahre keine Kompromisse mehr eingehen. Frauen suchen dabei h√§ufig nach neuen Erfahrungen und Freiheiten, viele M√§nner nach einem letzten aufregenden Abenteuer.

Georg zieht aus und zur√ºck in eine kleine Wohnung in seinem Haus in seiner alten Heimatstadt. √úberall stehen Kartons herum, auf einem provisorischen Herd kocht er sich Pellkartoffeln. Bis zur Trennung hat Gisela f√ºr ihn gesorgt, jetzt muss er allein zurechtkommen. 

Karlo kommt von der 12 Jahre j√ºngeren Geliebten nicht los und Renate wirft ihn aus der gemeinsamen Wohnung. Sie war zufrieden mit der Beziehung, ihr Leben drehte sich um Karlo und mit ihm wollte sie alt werden. Nun zweifelt sie an sich selbst, durchlebt die H√∂lle und weint sich bei der Freundin aus. Karlo sucht sich eine kleine Wohnung in der N√§he.

Menschen hautnah begleitet zwei √§ltere Paare, die sich nach langj√§hrigen Beziehungen getrennt haben und sich nun in ihren letzten Lebensjahren in einer v√∂llig neuen Situation wiederfinden.

üëç   Wenn dir dieses Video gefallen hat, lass uns einen Like da!
______
üé•   Ein Film f√ºr Menschen hautnah von Silvia Kaiser und Susanne Dzeik
Dieser Film wurde im Jahr 2021 produziert. Alle Aussagen und Fakten entsprechen dem damaligen Stand und wurden seit dem nicht aktualisiert.
______
üì∫   Mehr Dokus in der ARD Mediathek: http://www.wdr.de/k/doku_mediathek

Weitere Dokus zum Thema: 
üíö   Liebe im Alter: Speed-Dating f√ºr Senioren - https://youtu.be/Y78duqy-RyI
üíö   Neustart im Alter - https://youtu.be/-cSTAEnBpac
üíö   Deutsche Rentner in Marokko - https://youtu.be/FJG1p3v_JGw 
üíö   Mit 75 unterwegs im Wohnmobil  - https://youtu.be/M4qjL_iK8JY
üíö   Auswandern: Oma geht nach Afrika - https://youtu.be/jdebrnmr2fA
______
#Scheidung #Trennung #WDRDoku #Ehe #Partnerschaft",2021-11-18 17:00:17+00:00,WDR Doku,UCUuab1dctZzN5ZmRmQnTzkg,22,"['liebe im alter', 'liebe im alter m√∂glich?', 'ehe', 'partnerschaft', 'alter liebe', 'bin ich zu alt f√ºr die liebe', 'zu alt f√ºr die liebe', 'liebe im alter film', 'liebe im alter doku', 'wdr doku', 'dokumentation', 'reportage', 'Liebe im Alter doku', 'dokus', 'Trennung im Alter', 'Abh√§ngig vom Partner', 'Sp√§te Trennung', 'Scheidung im Alter', 'Trennung Doku', 'Getrennt nach langer Ehe', 'Getrennt nach langer Beziehung', 'Finanziell abh√§ngig vom Ehemann', 'Alte Liebe', 'Partner verlassen', 'Senioren', 'Senioren Trennung', 'Rentner']",345602,4463,172,797,0,315262201,685000,False,403,2017-04-18 14:09:51+00:00,wdrdoku,"Auf dem WDR Doku Kanal findet ihr Dokumentationen und Reportagen des WDR. 

Netiquette f√ºr WDR Doku:

Wir w√ºnschen uns eine Community mit Spa√ü und Freude an der Diskussion √ºber die Inhalte des WDR. Gerne wollen wir eine sachliche, themenbezogene Diskussion erm√∂glichen. Das geht am besten mit einem freundlichen Umgangston. Behandeln Sie andere Nutzer so, wie Sie selbst behandelt werden m√∂chten. Jeder hat das Recht auf seine eigene Meinung. 

Nicht erw√ºnscht sind:
‚Ä¢ Beleidigungen, Entw√ºrdigungen und Verunglimpfungen
‚Ä¢ Bedrohungen und Aufforderungen zu Gewalt gegen Personen, Institutionen oder Unternehmen
‚Ä¢ Wahl- und Parteienwerbung
‚Ä¢ Rassismus und Hasspropaganda
‚Ä¢ Pornografie und Obsz√∂nit√§ten
‚Ä¢ Kommentare, die sich nicht auf die Doku beziehen
‚Ä¢ Kommentare in Sprachen, die wir nicht verstehen


",12,2021-11-20 04:00:06.241715
13,UBxZ2LOutsw,Celo & Abdi x Doezis - KOPFGEFICKT (prod. von Bazzazian) [official video],"üí£ ""Kopfgefickt"" üí£ streamen:
https://umg.lnk.to/Kopfgefickt

üöó MWT2 üìº streamen:
https://umg.lnk.to/Mietwagentape2

üéπ Celo & Abdi streamen:
https://385i.lnk.to/celoabdi

üì±Celo & Abdi folgen:
https://385i.lnk.to/celoabdisocials

üé§ Featuring Doezis:
https://www.instagram.com/doezis069

üé∏ Produziert von Bazzazian:
https://www.instagram.com/bazzazian

üéõ Mix & Master von Lex Barkey:
https://instagram.com/lexbarkeY

üìπ Video produziert von Maine Sicht: 
https://www.instagram.com/maine_sicht

Script | Kamera | Edit | Grade: Andre Skibba MAINE SICHT
Setfotograf: Momobayram

üñº Cover-Artwork von Fuss:
https://instagram.com/justfuss

üî¥ Abonniert den Kanal:
https://www.youtube.com/385ideal

üî• 385id√©al folgen:
https://385i.lnk.to/socials

üìª Deutschrap Ideal folgen:
https://385i.lnk.to/deutschrap_ideal

üìº VDSIDC folgen:
https://385i.lnk.to/VDSIDC

üéß Id√©al Studios folgen:
https://385i.lnk.to/idealstudios

üìΩ Id√©al Films folgen:
https://385i.lnk.to/idealfilms

¬© 385id√©al Frankfurt am Main
- Von der Strasse in die Charts -
 
#CELOABDI #DOEZIS",2021-11-18 23:00:12+00:00,385id√©al,UCvnCXuh_zhm75EJ89qJ95Kw,10,"['385ideal', 'olexesh', 'nimo', 'azzlackz', 'celoabdi', 'haftbefehl', 'bornheim', 'frankfurt', 'rap', 'bushido', 'kollegah', 'farid bang', 'xatar', 'video', 'hanybal', 'og', 'feuerbach', 'sis kat', 'aje', '64', 'leonberg', '229', 'official video', 'offiziell', 'Krime', 'freiburg']",101994,7873,205,407,0,902936226,1350000,False,833,2009-11-26 23:57:24+00:00,385ideal,"Offizieller YouTube Kanal von 385id√©al -- PLATINUM RECORD LABEL -- Home of Olexesh, Nimo, Celo & Abdi, Krime, Schubi AKpella
¬© 385id√©al | Frankfurt am Main ¬Æ",13,2021-11-20 04:00:06.241715
14,ftB2y7KKWKc,18 KARAT - UNTOUCHABLE // ALL EYEZ ON ME [official Video],"‚úñÔ∏è‚ñ∫‚ÄúUNTOUCHABLE // ALL EYEZ ON ME‚Äú JETZT STREAMEN [ alle Links ]
https://Karat.lnk.to/UNTOUCHABLE
‚úñÔ∏è‚ñ∫""UNCUT"" Das Album vorbestellen [ alle Links ] 
http://banger.click/18KaratUNCUT

Das Album ‚ÄûUNCUT‚Äú erscheint am 07. JANUAR 2022 - JETZT VORBESTELLEN!


‚úñÔ∏è‚ñ∫ 18 Karat auf Instagram:
http://instagram.com/18karat 
‚úñÔ∏è‚ñ∫ 18 Karat auf TikTok:
https://vm.tiktok.com/ZMJhhP9UG/
‚úñÔ∏è‚ñ∫ 18 Karat auf Facebook:
https://www.facebook.com/18KRT


‚ÄûUNTOUCHABLE // ALL EYEZ ON ME‚Äú wurde produziert von ThisisYT & Fade 
‚úñÔ∏è‚ñ∫ ThisisYT auf Instagram: 
https://www.instagram.com/ThisisYT1
‚úñÔ∏è‚ñ∫ Fade auf Instagram: 
https://www.instagram.com/fadebeatz


Das Video zu ‚ÄûUNTOUCHABLE // ALL EYEZ ON ME‚Äú ist eine BLAANK FILMS production 
‚úñÔ∏è‚ñ∫ BLAANK FILMS auf Instagram:
http://instagram.com/blaank_productions

DIRECTOR: Robert Wunsch
DOP: Dmytro Fursov 
PRODUCER: Chantal Drywa-Wunsch
AD: Evheniya Fursova
STEADYCAM: Maxym Salo
SERVICE PRODUCER: Oleksii Zolotariov, Veremiienko Oleksandr


BANGER MUSIK MERCHANDISE:
‚ñ∫ http://www.bangerstore.de 

BangerChannel abonnieren 
‚ñ∫ http://www.youtube.com/subscription_center?add_user=BangerChannel

Banger Musik ‚úñÔ∏èINSTAGRAM‚úñÔ∏è
‚ñ∫ https://www.instagram.com/bangermusik

#18karat #uncut #bangermusik",2021-11-18 23:04:44+00:00,BangerChannel,UCbDNCzgdLlvYY9dk5M8063A,10,"['18karat', 'bangermusik', 'revision', 'fsk18 brutal', 'pusha', 'Geld gold gras', 'ggg', 'narco trafficante', ""Je M'Appelle Kriminell"", 'supremos', 'D√ºsseldorf', 'dortmund', 'uncut', 'lade die ak', 'gangsta gangsta', 'gangsta gangsta 2', 'gangsta gangsta 2.0', 'all eyes on me', 'untouchable']",142650,12366,313,1785,0,1922445717,2940000,False,777,2010-12-21 12:24:25+00:00,bangerchannel,"Der offizielle Banger Musik Youtube-Channel - Hier findest du alle Videos von und mit FARID BANG, JBG3, SUMMER CEM, MAJOE & JASKO, 18 KARAT, SIPO",14,2021-11-20 04:00:06.241715
15,4Nnu_zzVBzo,Wir bringen meiner FREUNDIN einen SALTO bei! (auf dem Trampolin!),"Wir bringen meiner FREUNDIN einen SALTO auf unserem Trampolin bei!

üåäMERCH SHOP: https://www.vinnypianoshop.com

Wenn dir meine Videos gefallen, kannst du mich gerne kostenlos abonnieren!üî•

‚¨áÔ∏èFOLG MIR AUCH AUF‚¨áÔ∏è

INSTAGRAM (vinnypiano):
https://www.instagram.com/vinnypiano 

TIK TOK (vinnypiano):
https://www.tiktok.com/@vinnypiano 




‚ñ∫ Bis zum n√§chsten Mal, tschau! 



MUSIK:


OUTRO MUSIK:

Song: Ship Wrek, Zookeepers & Trauzers - Vessel [NCS Release] 
Music provided by NoCopyrightSounds.
Watch: https://youtu.be/PXf4rkguwDI 
Download/Stream: http://ncs.io/VesselCr",2021-11-18 17:02:11+00:00,Vinny Piano,UCGCYzFQ-rQ5eXjeTQJ_W-VA,24,"['vinny piano', 'vinnys freundin', 'vinny piano freundin', 'vinny piano luise', 'luise', 'salto', 'salto lernen', 'salto beibringen', 'trampolin', 'salto auf trampolin', 'ninja warrior', 'wir bauen', 'DIY', 'selber machen', 'sport', 'outdoor', 'natur', 'drau√üen', 'garten', 'backflip lernen', 'pool', 'spa√ü', 'lachen', 'lustig', 'm√§dchen', 'salto tutorial', 'kreativ', 'br√ºder', 'vincent stenzel', 'vlog', 'trends', 'springen']",239933,12962,332,656,0,117801777,443000,False,169,2013-11-22 21:58:28+00:00,vinnypiano,"Hey Leute, ich bin Vinny Piano!

Ich liebe alles was mit Sport & Musik zutun hat, aber ihr findet auf diesem Kanal auch andere Videos rund um mich & mein Leben.
Ich hoffe euch gefallen meine Videos!

Euer Vinny Piano 

Kontakt: infovinnypiano@gmail.com
",15,2021-11-20 04:00:06.241715
16,Hqmvw07FY0k,Wie jemand fast das BVB-Team ermordet hat,"Ein Anschlag auf den Mannschaftsbus von Borussia Dortmund ersch√ºttert 2017 ganz Deutschland. Warum hat es jemand auf das BVB-Team abgesehen? 

Unser Instagram-Account: https://www.instagram.com/simplicissimusyt 
@simplicissimusyt

Unser Kanal geh√∂rt zu funk, dem Netzwerk von ARD und ZDF. Weitere Infos:

YouTube: https://www.youtube.com/funkofficial
Instagram: https://www.instagram.com/funk
TikTok: https://www.tiktok.com/@funk 
Website: https://go.funk.net
https://go.funk.net/impressum

__________


Quellen: 

[1]
S√ºddeutsche Zeitung - Was √ºber den Anschlag auf den BVB-Bus bekannt ist - und was nicht (2017)
https://www.sueddeutsche.de/politik/dortmund-was-ueber-den-anschlag-auf-den-bvb-bus-bekannt-ist-und-was-nicht-1.3461934

[2]
Spiegel - Ermittler fassen mutma√ülichen BVB-Attent√§ter (2017)
https://www.spiegel.de/panorama/justiz/borussia-dortmund-ermittler-fassen-mutmasslichen-bvb-bomber-a-1143998.html

[3]
S√ºddeutsche Zeitung - Festgenommener war nicht an BVB-Anschlag beteiligt (2017)
https://www.sueddeutsche.de/panorama/anschlag-auf-bvb-bus-festgenommener-war-nicht-an-bvb-anschlag-beteiligt-1.3463651

[4]
DW - 14 Jahre Haft f√ºr BVB-Attent√§ter (2018)
https://www.dw.com/de/14-jahre-haft-f%C3%BCr-bvb-attent%C3%A4ter/a-46364361

[5]
Spiegel Magazin - Verd√§chtige Zecken (2017)
https://magazin.spiegel.de/EpubDelivery/spiegel/pdf/150769666

[6]
Spiegel - Die Hintergr√ºnde des Anschlags auf den BVB (2017)
https://www.spiegel.de/panorama/justiz/bvb-die-hintergruende-ueber-den-anschlag-auf-borussia-dortmund-a-1144211.html

[7]
S√ºddeutsche Zeitung - Das Schreiben vom Tatort im Wortlaut (2017)
https://www.sueddeutsche.de/politik/dortmund-das-schreiben-vom-tatort-im-wortlaut-1.3462691

[8]
Spiegel - Das r√§tselhafte Bekennerschreiben von Dortmund (2017)
https://www.spiegel.de/panorama/justiz/bvb-das-raetselhafte-bekennerschreiben-von-dortmund-a-1143121.html

[9]
Der Standard - Ein mutma√ülicher Islamist vorl√§ufig festgenommen (2017)
https://www.derstandard.at/story/2000055814614/dortmund-anschlag-bekennerschreiben-mit-islamisten-bezug?ref=embpost#posting-1019886668

[10]
S√ºddeutsche Zeitung - Anschlag in Dortmund: Zwei Verd√§chtige, eine Festnahme (2017)
https://www.sueddeutsche.de/politik/bvb-anschlag-in-dortmund-zwei-verdaechtige-eine-festnahme-1.3462381

[11]
Der Standard - BVB-Anschlag: Wie die B√∂rsentransaktionen publik wurden (2017)
https://www.derstandard.at/story/2000058849778/bvb-anschlag-wie-die-boersentransaktionen-publik-wurden

[12]
Spiegel - Die unglaubliche Geschichte des Bombenanschlags auf Borussia Dortmund (2017)
https://www.spiegel.de/spiegel/anschlag-auf-bvb-bus-was-den-mutmasslichen-attentaeter-trieb-a-1181420.html

[13]
Tagesspiegel - Neues Bekennerschreiben k√ºndigt weiteren Angriff an (2017)
https://www.tagesspiegel.de/politik/nach-anschlag-auf-bvb-bus-in-dortmund-neues-bekennerschreiben-kuendigt-weiteren-angriff-an/19673754.html,%20zuletzt%20aktualisiert%20am%2026.10.2021,%20zuletzt%20gepr%C3%BCft%20am%2026.10.2021

[14]
Deutschlandfunk - Anschlag auf BVB-Spieler Die IP-Adresse verriet den Verd√§chtigen (2017)
https://www.deutschlandfunk.de/anschlag-auf-bvb-spieler-die-ip-adresse-verriet-den-100.html

[15]
S√ºddeutsche Zeitung - 14 Jahre Haft nach Anschlag auf BVB-Bus (2017)
https://www.sueddeutsche.de/panorama/bvb-bus-prozess-haftstrafe-anschlag-borussia-dortmund-1.4227711

[16]
tagesschau - Ein Anschlag f√ºr die Geldanlage (2017)
https://www.tagesschau.de/inland/anschlag-bvb-101.html


Musik

Hampus Naeselius - Highway Chase
Experia - Preparation of the unknown, Deep Cellar
Christian Andersen - Brooding Angst; When Instincts Collide
Roman P. - Time to go
ANBR - Immaterial
Mary Riddle - Mr Wilson Visits
Tilman Sillescu - Wait and See
Max H - Assault
Kyle Preston - Echelon
Kevin MacLeod - Fairytale Waltz lizenziert unter CC-BY-4.0. https://incompetech.com/

_____

Sch√∂n, verst√§ndlich, kritisch und fundiert. Wir machen Essays zu Fragen, die du dir noch nie, oder viel zu oft gestellt hast.",2021-11-18 17:00:10+00:00,Simplicissimus,UCKGMHVipEvuZudhHD05FOYA,22,"['BVB', 'BVB 2017', 'BVB Bartra', 'BVB Monaco', 'Borussia Dormund Monaco', 'simplicissimus']",381370,37143,184,1177,0,167427900,957000,False,279,2015-04-12 10:24:37+00:00,simplicissimus2,"Sch√∂n, verst√§ndlich, kritisch und fundiert. Wir machen Essays zu Fragen, die du dir noch nie, oder viel zu oft gestellt hast. 


Instagram: https://www.instagram.com/simplicissimusyt/


Seit dem 06.10.2019 ist ""Simplicissimus"" ein Angebot von funk. funk ist ein Gemeinschaftsangebot der Arbeitsgemeinschaft der Rundfunkanstalten der Bundesrepublik Deutschland (ARD) und des Zweiten Deutschen Fernsehens (ZDF). Kontakt: simplicissimus2@gmail.com


Simplicissimus = Anlehnung an die Satirezeitschrift


Unsere E-Mail ist nur f√ºr gesch√§ftliche Anfragen, schreibt uns ansonsten bitte bei Twitter oder Instagram.",16,2021-11-20 04:00:06.241715
17,grJ3b-iwNFA,NDA's,"Provided to YouTube by Universal Music Group

NDA's ¬∑ Shirin David ¬∑ Shindy

Bitches brauchen Rap

‚Ñó 2021 Juicy Money Records

Released on: 2021-11-18

Associated  Performer, Vocals: Shirin David
Producer, Studio  Personnel, Mixer, Associated  Performer, Programming: Juh-Dee
Producer, Studio  Personnel, Mixer, Associated  Performer, Programming: Young Mesh
Producer, Associated  Performer, Programming: Frio
Studio  Personnel, Mastering  Engineer: Yunus ‚ÄòKingsize‚Äô Cimen
Associated  Performer, Vocals: Shindy
Author: Shirin David
Author: Laas Unltd.
Composer: Juh-Dee
Composer: Young Mesh
Composer: Frio
Author: Shindy

Auto-generated by YouTube.",2021-11-18 23:04:06+00:00,Shirin David - Topic,UCDdTH-sn8qG64wK5ChFDQ4Q,10,"['Shirin David', 'Shindy', 'Bitches brauchen Rap', ""NDA's""]",133093,4529,630,0,0,11609590,3630,False,34,2015-12-21 07:12:15+00:00,,"Barbara Shirin Davidaviƒçius, known professionally as Shirin David, is a German rapper, singer and former YouTuber.",17,2021-11-20 04:00:06.241715
18,4Ft4z4mzox0,Depressionen im Paradies,"Provided to YouTube by Universal Music Group

Depressionen im Paradies ¬∑ Shirin David

Bitches brauchen Rap

‚Ñó 2021 Juicy Money Records

Released on: 2021-11-18

Associated  Performer, Vocals: Shirin David
Producer, Studio  Personnel, Mixer, Associated  Performer, Programming: Juh-Dee
Producer, Studio  Personnel, Mixer, Associated  Performer, Programming: Young Mesh
Producer, Associated  Performer, Programming: Frio
Studio  Personnel, Mastering  Engineer: Yunus ‚ÄòKingsize‚Äô Cimen
Author: Shirin David
Author: Laas Unltd.
Composer: Juh-Dee
Composer: Young Mesh
Composer: Frio

Auto-generated by YouTube.",2021-11-18 23:03:38+00:00,Shirin David - Topic,UCDdTH-sn8qG64wK5ChFDQ4Q,10,"['Shirin David', 'Bitches brauchen Rap', 'Depressionen im Paradies']",77338,4211,88,0,0,11609590,3630,False,34,2015-12-21 07:12:15+00:00,,"Barbara Shirin Davidaviƒçius, known professionally as Shirin David, is a German rapper, singer and former YouTuber.",18,2021-11-20 04:00:06.241715
19,pr2bc23pEVk,GENT  - GESCHICHTE (prod by. SKIZO),"GENT - GESCHICHTE

Viel Spa√ü mit der ersten Single vom kommendem Album ,,*******¬¥¬¥.
In der Geschichte geht es um viele verschiede Themen.
Vier Minuten Realtalk ohne Hook. DIE REISE GEHT LOS, KOMMST DU MIT?

AB SOFORT AUF ALLEN STREAMING PLATTFORMEN! 

https://orcd.co/vmmwo9j


ARTIST: GENT
https://instagram.com/Gent

LABEL: KANUN
https://instagram.com/kanun.official

BEAT, MIX & MASTER: SKIZO
https://instagram.com/skizomusic

VIDEO: DARDAN VISUALS
https://instagram.com/dardanvisuals",2021-11-18 22:59:41+00:00,KANUN,UC3kp7tzxA7Nw-yeTKkbd0EQ,10,"['gent', 'kanun', 'shoki', 'die Stra√üe lebt', 'mafiozi', 'deutschrap', 'german', 'albanian', 'hiphop', 'rap']",146694,8397,249,529,0,21871871,53100,False,25,2012-10-05 16:08:12+00:00,,Der offizielle KANUN YouTube Account!,19,2021-11-20 04:00:06.241715
20,_dlExeOyFh4,Adele - To Be Loved (Official Lyric Video),"Lyric Video for ""To Be Loved"" by Adele.
Shop the ""Adele"" collection here: http://shop.adele.com

Listen to ""30"" here: https://www.adele.com

Follow Adele:
Facebook - https://www.facebook.com/Adele 
Twitter - https://twitter.com/Adele 
Instagram - http://instagram.com/Adele

Lyrics
I built a house for a love to grow
I was so young that it was hard to know
I‚Äôm as lost now as I was back then
Always make a mess of everything
It‚Äôs about time that I face myself
All I do is bleed into someone else
Painting walls with all my secret tears
Filling rooms with all my hopes and fears
 
But oh my, oh my
I‚Äôll never learn if I never leap
I‚Äôll always yearn if I never speak
 
To be loved and love at the highest count
Means to lose all the things I can‚Äôt live without
Let it be known that I will choose to lose
It‚Äôs a sacrifice 
But I can‚Äôt live a lie let it be known
Let it be known that I tried 
 
I‚Äôm so afraid but I‚Äôm open wide
I‚Äôll be the one to catch myself this time
Trying to learn to lean into it all 
Ain‚Äôt it funny how the mighty fall 
Looking back I don‚Äôt regret a thing
Yeah I took some bad turns
That I am owning
I‚Äôll stand still and let the storm pass by
Keep my heart safe til the time feels right 
 
Let it be known that I cried for you
Even started lying to you 
What a thing to do
All because I wanted to be loved‚Ä¶

 
#Adele #ToBeLoved #30",2021-11-19 05:00:25+00:00,AdeleVEVO,UComP_epzeKzvBX156r6pm1Q,10,"['Strangers By Nature', 'Easy On Me', 'My Little Love', 'Cry Your Heart Out', 'Oh My God', 'Can I Get It', 'I Drink Wine', 'All Night Parking (with Erroll Garner) Interlude', 'Woman Like Me', 'Hold On', 'Love Is A Game', 'thirty', 'I built a house for a love to grow', 'I was so young that it was hard to know', 'I‚Äôm as lost now as I was back then', 'Always make a mess of everything', 'It‚Äôs about time that I face myself', 'All I do is bleed into someone else', 'Painting', 'walls']",2224149,118160,1234,4349,0,10329339539,15300000,False,47,2009-10-15 19:07:17+00:00,adele,,20,2021-11-20 04:00:06.241715
21,X-yIEMduRXk,Adele - Easy On Me (Official Lyric Video),"Lyric Video for ""Easy On Me"" by Adele.
Shop the ""Adele"" collection here: http://shop.adele.com

Listen to ""30"" here: https://www.adele.com

Follow Adele:
Facebook - https://www.facebook.com/Adele 
Twitter - https://twitter.com/Adele 
Instagram - http://instagram.com/Adele

Lyrics
 
There ain‚Äôt no gold
In this river
That I‚Äôve been washing my hands in forever
I know there is hope
In these waters
But I can‚Äôt bring myself to swim 
When I am drowning 
In this silence baby let me in
 
Go easy on me baby
I was still a child
Didn‚Äôt get the chance to 
Feel the world around me
I had no time to choose
What I chose to do
So go easy on me
 
There ain‚Äôt no room 
For things to change
When we are both so deeply 
Stuck in our ways
You can‚Äôt deny how hard I have tried
I changed who I was
To put you both first
But now I give up 
 
I had good intentions
And the highest hopes
But I know right now
It probably doesn‚Äôt even show

#Adele #EasyOnMe #30",2021-11-19 05:00:21+00:00,AdeleVEVO,UComP_epzeKzvBX156r6pm1Q,10,"['Strangers By Nature', 'My Little Love', 'Cry Your Heart Out', 'Oh My God', 'Can I Get It', 'I Drink Wine', 'All Night Parking (with Erroll Garner) Interlude', 'Woman Like Me', 'Hold On', 'To Be Loved', 'Love Is A Game', 'thirty', 'Adele', 'Columbia', 'Easy On Me', 'Pop']",1391760,53900,441,1227,0,10329339539,15300000,False,47,2009-10-15 19:07:17+00:00,adele,,21,2021-11-20 04:00:06.241715
22,6DxIcpXnLhw,Time travel to 4000 BC to save Earth...,"we are safe now but at what cost?

Subscribe and like for more skits #shorts

All My Links:
https://linktr.ee/mobowl

Socials:
Tiktok: https://www.tiktok.com/@mobotv
IG: https://www.instagram.com/mobootv/
Discord: https://discord.gg/F7JSJPMcHt
Gaming YouTube: https://www.youtube.com/mobo1
Twitch: https://www.twitch.tv/ismobo",2021-11-18 19:36:48+00:00,I am MoBo,UCJswRv22oiUgmT1FuFeUekw,23,"['discord ban speedrun', 'discord speedrun', 'discord ban speedrun meme', 'knighted speedrun', 'speedrun funny', 'speedrun skit', 'real life speedrun', 'speedrun any', 'speedrun beluga', 'mobo speedrun', 'mobo tiktok', 'speedrunners', 'become king speedrun', 'speedrun to become king', 'impress parents speedrun', 'dream speedrun', 'stop a war speedrun', 'escaping death speedrun', 'death note speedrun', 'mobo time travel', 'time travel to save earth', 'time travel invention of the wheel', 'time travel speedrun', 'mobo']",3180392,372232,3566,1102,0,89753645,497000,False,17,2021-08-14 16:02:57.642316+00:00,iammobo,"Hello my lovely friends, subscribe and come on this journey with me!

If you're reading this, I hope have an incredible rest of your day!  
",22,2021-11-20 04:00:06.241715
23,YQjLoQVOsNw,Jador - Fidel (feat. @Mocanu Bogdan ‚úò @Nikolas Sax) | Official Video,"Subscribe üëë Jador Official YT: https://smarturl.it/JadorYTsubscribe

Concerte & Management: Madalin üì± +40 722 304 862

Manzu Online:
üì∏ INSTA: https://www.instagram.com/jador_adevarat
üéûÔ∏è TikTok: https://www.tiktok.com/@jador
üëç FB: https://www.facebook.com/JADORadevarat

Asculta Jador:
üîù Spotify: https://smarturl.it/JadorSpotify
üîù Apple Music:https://smarturl.it/JadorAppleMusic

üì£ Follow Bogdan Mocanu:
‚Ä¢ Facebook: https://www.facebook.com/iambogdanmocanu
‚Ä¢ Instagram: https://www.instagram.com/bogdan.mocanu
‚Ä¢ TikTok: https://www.tiktok.com/@bogdan.mc

üì£ Follow Nikolas:
‚Ä¢  Facebook: https://www.facebook.com/nikolassaxofficial
‚Ä¢ Instagram: https://www.instagram.com/mesomnikolassax
‚Ä¢ TikTok : https://vm.tiktok.com/JegSVt7 @nikolassax

Toate drepturile sunt rezervate. Orice upload neautorizat al acestui videoclip este ilegal si poate fi raportat oricand la Youtube. 

All rights reserved. Unauthorized reproduction is a violation of applicable laws. In order to avoid copyright infringement, please do not upload this video on your channel.

#Jador #BogdanMocanu #NikolasSax",2021-11-18 16:00:11+00:00,Jador,UCuVGndfnNoNXzxpSZ5qgiaw,10,"['jador', 'mocanu', 'bogdan mocanu', 'nikolas sax', 'fidel', 'jador videoclip', 'manele', 'manele noi', 'cele mai noi manele', 'manele hits 2021', 'bate tarabana', 'dau moda', 'carola', 'nikolas sax te dua', 'balerina mea']",1064200,77252,1001,2257,0,306918271,1230000,False,217,2019-11-19 17:17:53.308093+00:00,jadoradevarat,Canalul oficial de YouTube Jador üëë SUBSCRIBE si apasa pe clopotel pentru a fi la curent cu tot ce postez.,23,2021-11-20 04:00:06.241715
24,FOKEE67MexM,"Meghan, The Duchess of Sussex, Pranks Unsuspecting Vendors","Meghan, The Duchess of Sussex, met unsuspecting vendors on the Warner Bros. lot ‚Äî all while Ellen was secretly telling her what to do and say. Watch as she becomes one with a crystal, eats a chip and spicy hot sauce like a chipmunk, and sings a made-up kids‚Äô song in this hilarious hidden camera prank!

Subscribe: https://youtube.com/theellenshow?sub_confirmation=1
Check your local listings to watch Ellen today: https://ellen.tv/3BOuzz4

#MeghanMarkle #RoyalFamily #Ellen #TheEllenShow #EllenDeGeneres",2021-11-18 21:00:08+00:00,TheEllenShow,UCp0hYYBW6IMayGgR-WeoCvQ,24,"['meghan markle', 'prince harry', 'royal family', 'prince charles', 'elizabeth ii', 'prince william', 'oprah interview', 'prince louis', 'princess charlotte', 'the duke of sussex', 'the duchess of sussex', 'prince harry and meghan markle', 'meghan markle book', 'royals', 'meghan and harry', 'ellen', 'ellen degeneres', 'the ellen show', 'ellen season 19', 'ellen new season', 'ellen final season', 'ellen farewell season', 'ellen tickets', 'ellentube', 'watch ellen', 'ellen show', 'meghan and harry kids', 'archie', 'lilibet', 'lili']",1240013,22582,8448,4008,0,21713884989,38000000,False,13578,2006-11-21 04:53:43+00:00,theellenshow,"For 18 incredible, eventful and sometimes life-changing seasons, Ellen has been making audiences laugh all over the world with her signature brand of humor and her powerful message of kindness. There's nobody better at making you laugh and brightening your day. You never know what funny can do!",24,2021-11-20 04:00:06.241715
25,a7wC2M0b5u0,Melting Every Soap From Lush Together,"If you're interested in entering the Franken-soap subscriber giveaway, fill out the google form here! https://forms.gle/yM3ofN1TC5FAw5ef6

Join me in donating to #TeamSeas here! https://teamseas.org/

Check out our new merch here! https://fiendishbehavior.com/

HELLO FRIENDS!! Here is a weird video we made where I melted every soap from Lush together into a few different batches of franken-soap!! This type of franken-experiment has worked well in the past across a wide array of products like lipsticks, foundations, candles, and bath bombs (also from Lush!) - and as some of you may know, over the years I have developed a bit of a soap fixation, having recreated a couple different soap art tutorials, as well as several bizarre soap art hacks from the internet. So I was excited to combine these two interests together by mixing every single soap from a single store to see what kind of soap bar we could whip up. What did you think of our final product??

Thanks to Anne-Marie at Bramble Berry and Katie at Royalty Soaps! You can check out their channels here - 
Bramble Berry: https://www.youtube.com/soapqueentv
Royalty Soaps: https://www.youtube.com/RoyaltySoaps

And you can check out Elly's Everyday Soap Making's Rebatching video here! https://www.youtube.com/watch?v=STQ-C4L363o

Just a heads up - any footage of me w/o a mask in Lush is either from our old video (pre-quarantine), or from when we filmed in Lush this past summer with special permission before the store opened!

This video is NOT sponsored, but thanks to Lush for letting us film at your store!

My Instagram: https://www.instagram.com/safiyany/‚Äã
My TikTok: https://www.tiktok.com/@safiyany?
Our new livestreaming channel: https://www.youtube.com/safiyatyler
Our new YouTube Shorts channel: https://www.youtube.com/channel/UCLKQoTgt5BwFJJKWyeXHbig

MUSIC
Via AudioNetwork

PRODUCED & EDITED by
Safiya Nygaard
Tyler Williams
Nez Covington
Madi Price

GFX by Dayana Espinoza",2021-11-19 01:58:18+00:00,Safiya Nygaard,UCbAwSkqJ1W_Eg7wr3cp5BUA,22,"['melting every soap from lush together', 'melting soap', 'franken soap', 'soap art', 'soap art tutorial', 'safiya soap', 'lush soaps', 'soap cutting', 'soap grating', 'soap crafting', 'bad makeup science', 'safia', 'sofia', 'sophia', 'safiya nygaard', 'safiya and tyler']",1330895,107319,670,29680,0,1528270273,9250000,False,166,2011-11-09 08:10:28+00:00,safiyanygaard,"Double, double toil and trouble!

Team Saf:
Safiya Nygaard
Tyler Williams
Nez Covington
Carly Dawson
Allie Bennett
Madi Price
Jordan Schneier
Dayana Espinoza

",25,2021-11-20 04:00:06.241715
26,RY2EujCP874,This was too close üò≥ | #shorts,"This was too close üò≥ | #shorts (via @josetengiz/IG) 

‚úîÔ∏èSubscribe to ESPN+ http://espnplus.com/youtube
‚úîÔ∏è Get the ESPN App: http://www.espn.com/espn/apps/espn
‚úîÔ∏èSubscribe to ESPN on YouTube: http://es.pn/SUBSCRIBEtoYOUTUBE
‚úîÔ∏è Subscribe to NBA on ESPN on YouTube: http://bit.ly/SUBSCRIBEtoNBAonESPN
‚úîÔ∏è Watch ESPN on YouTube TV: http://es.pn/YouTubeTV",2021-11-18 06:45:01+00:00,SportsNation,UCQZi2YXSxc6BSK4mZHql8ag,17,"['espn', 'youtube shorts video', 'youtube short video', 'viral', 'sports', '#ESPN', 'youtube shorts', 'tik tok', 'shorts', 'ytshorts', 'trending', 'obstacle course challenge', 'obstacle course china', 'obstacle course japan', 'obstacle course race', 'race to the finish', 'obstacle race', 'arena obstacle race', 'parkour race', 'racing', 'speed race', 'parkour', 'parkour obstacle course', 'this was too close', 'one v one', '1v1', 'speed run', 'obstacles', 'foot race', 'intense', 'race challenge', 'obstacle race japan', 'obstacle race china', 'olympics']",2495126,135064,1851,881,0,2115462824,1530000,False,552,2009-06-28 15:01:52+00:00,sportsnationespnfeatured,"The official YouTube Page of SportsNation on ESPN!

Following the fun in sports and culture‚ÄºÔ∏è",26,2021-11-20 04:00:06.241715
27,wGz3SJe5d1w,Midwest Nice-Off #Shorts,"That escalated quickly... #Shorts

Follow me at these places: 
Twitter: @CharlieBerens
Instagram: @CharlieBerens
Facebook: www.facebook.com/charlieberensTV

For more Manitowoc Minute click here: https://www.youtube.com/playlist?list=PLRY-eAwoPfKBdGfuDu081r-bSMapeg0GB 
Manitowoc Minute T-shirts: www.manitowocminute.com",2021-11-15 22:00:14+00:00,Charlie Berens,UConQeJRfaLwJ9LbXBS5nhxQ,23,"['Midwest Nice Off', 'Charlie Berens', 'Manitowoc minute', 'you betcha', 'midwest', 'midwest nice', 'downspout', 'new truck', 'new house', 'college account', 'bitcoin', 'gamestop', 'crypto', 'cryptocurrency', 'invest', 'investment', 'stocks', 'adoption', 'pregnant', 'pregnancy', 'trim branches', 'tree trimming', 'Wisconsin', 'Minnesota', 'Iowa', 'Michigan', 'Illinois', 'Nebraska', 'North Dakota', 'Ohio', 'indiana', 'kansas', 'Missouri', 'South Dakota', 'midwest comedy', 'shorts', 'YouTube shorts', 'perennials', 'basement', 'basement water', 'gutter', 'myles', 'Charlie', 'ope', 'youbetcha']",1500280,148923,1235,842,0,122328278,502000,False,342,2007-09-28 15:38:00+00:00,charlieberens,"Charlie Berens, home of the Manitowoc Minute, sketch comedy, commentary, interviews, politics, entertainment and more. Charlie's a comedian, Emmy winning journalist and proud Wisconsin native.",27,2021-11-20 04:00:06.241715
28,yC8fr0eVoEA,Ich hoffe ich mach mich nicht unsympathisch damit,"27.11.21, 16:00 Uhr: @Julien Bam",2021-11-18 14:00:18+00:00,JUcktmichnicht,UClmOlupuRVEIfxuUyZIiWIw,24,"['Julien Bam Twitch', 'Julien Bam Highlight', 'Julien Bam Stream', 'Jucktmichtnicht', 'Juckt mich nicht', 'julien bam hauptvideos', 'julien bam neue videos', 'reaction', 'reaction sperre', 'fritz meinecke', 'julien bam kanal', 'haupvideos', 'hauptvideo', 'jucktmichnicht']",528659,61326,394,2514,0,169423326,675000,False,472,2020-01-03 16:17:36.328492+00:00,jucktmichnicht,"Ich bin Juckt. Juckt mich nicht 

Impressum: 
Angaben gem. ¬ß 5 TMG 
 
Betreiber und Kontakt
F√ºr gesch√§ftliche Anfragen: 
7Mile GmbH
E-Mail-Adresse: 7mile@julienbam.de

7MILE GmbH
Im Johannistal 32
52064 Aachen
vertreten durch: Julien Bam",28,2021-11-20 04:00:06.241715
29,rGsSkUfdZO0,ANONYM X SAMRA - GHETTO GEM√ÑLDE (prod. by Lukas Piano & Loloo) [Official Video],"ANONYM X SAMRA - GHETTO GEM√ÑLDE (prod. by Lukas Piano & Loloo) 
https://lnk.site/ghetto-gemalde

Produced by Lukas Piano & Loloo
‚ñ∫ Lukas Piano & Loloo auf Instagram
https://www.instagram.com/lukas_piano
https://www.instagram.com/loloo.wav

Mix by ThisisYT 
‚ñ∫ThisisYT  auf Instagram
https://www.instagram.com/thisisyt1

Mastering by Sascha Busy B√ºhren  
https://www.instagram.com/saschabusy

Video by Lux Movie
‚ñ∫ Lux Movie auf Instagram
www.instagram.com/lux_movie

Grafikdesign by Calentura 
https://www.instagram.com/calentura

Anonym folgen:
Instagram: https://www.instagram.com/anonym
Tik Tok: https://www.tiktok.com/@anonym

Samra folgen:
Instagram: https://www.instagram.com/samra
Tik Tok: https://www.tiktok.com/@samra_official

Kanal abonnieren: https://umgt.de/SamraYT‚Äã‚Äã‚Äã‚Äã‚Äã

Kontakt: info@cataleyaedition.com
https://cataleyaedition.com

#ANONYM #SAMRA #GHETTOGEM√ÑLDE",2021-11-18 23:00:09+00:00,Samra,UCXZexl0S9pgKzRT4gGUSBpA,10,"['samra', 'urban', 'German rap', 'hip hop', 'samra official', 'samra musikvideo', 'samra live', 'samra lyrics', 'samra reaction', 'samra album', 'samra harami', 'ya salame', 'samra instinkte', 'cataleya', 'samra rohdiamant', 'samra wir ticken', 'samra roadrunner', 'samra lila', 'samra criminal Marlboro rot', 'samra 187', 'bushido', 'capital bra', 'luciano']",248382,21612,846,1577,0,742967680,1310000,False,44,2019-04-02 16:53:49+00:00,samra,"""ROHDIAMANT"" OUT NOW: https://umg.lnk.to/Rohdiamant

""JIBRAIL & IBLIS"" jetzt √ºberall erh√§ltlich : https://umg.lnk.to/JibrailIblis

Kanal abonnieren: https://umgt.de/SamraYT

Samra folgen:
Instagram: https://www.instagram.com/samra/
Facebook: https://www.facebook.com/SamraBerlin/
Tikok: https://vm.tiktok.com/bWVFo4/
",29,2021-11-20 04:00:06.241715
30,zc9Rrq4JQTc,IMMI - so weit weg (Prod. BLURRY & BABYBLUE) [Official Video],"Die neue Single ""so weit weg"" am 18.11. um 23:59 Uhr: http://wmg.click/IMMI_soweitwegAY

Artist Website: http://immiwilldiemilli.de

Folge IMMI hier: 
Instagram: https://www.instagram.com/immi030
Twitter: https://twitter.com/immi46449285?s=21
YouTube Kanal abonnieren: https://bit.ly/IMMIWILLDIEMILLI
TikTok: https://www.tiktok.com/@immi030?lang=en

CREDITS
Beat & Mix by BLURRY & BABYBLUE:
BLURRY: https://www.instagram.com/myvisionblurry
BABYBLUE: https://www.instagram.com/prod.babyblue

Master by Volker Gebhardt:
https://www.instagram.com/volker_idr_gebhardt/?hl=de

VIDEO
blaank productions

Creative Producer: Chantal Drywa-Wunsch 
Director: Dennis Hardt
DOP: Arkadiy Kreslov 
B-camera operator: Burhan Sezedi (heisenberg.berlin)
Starring: Ainhoa 
Editor: Dennis Hardt
Colorist: An Nguyen 

Crew
Production Assistant: Lindkey 
Steady Cam Operator: Axel Zschernitz 
1st Assistant Camera: Leon Knetsch 
2nd Assistant Camera: Selina Schrader 
Gaffer: An Nguyen 
Best Boy: Alfredo La Corte
Electricians: Felix Werinos
Hair & Make Up: Aysche Adawi
Set Runner: Bela Brassel
Driver: Barney
Catering: Burger Junkys 

#immi #soweitweg #immiwilldiemilli",2021-11-18 23:00:09+00:00,IMMI,UCrUpS9uZzrxzm2v9keA820A,10,"['IMMI', 'Immiwilldiemilli', 'myvisionblurry', 'babyblue', 'deutschrap', 'berlin rapper', 'newcommer IMMI', 'Underground Deutschrap', 'neue single IMMI', 'IMMI 2021', 'Deutsch HipHop', 'Deutsch Underground', 'Berlin Kreuzberg', 'Berlin Rap', 'Kreuzberger Rap', 'Immi030', 'IMMI music', 'IMMI Musik', 'IMMI neue Musik', 'Untergrund', 'so weit weg IMMI', 'so weit weg deutschrap', 'so weit weg musikvideo', 'immi video', 'sag wie soll ich jetzt verzeihen lernen', 'wir sind voneinander hundert meilen entfernt']",40109,4264,45,225,0,6974115,29000,False,9,2020-10-30 20:41:52.220256+00:00,,"Aus der viel zitierten ‚ÄûBerliner New Wave‚Äú tut sich ein Artist hervor, auf den viele Leute aus der Szene gro√üe St√ºcke halten und bei dem das Brodeln unter der Oberfl√§che kaum noch ignoriert werden kann. Sein Name: IMMI. Der K√ºnstlername leitet sich von dem Wort Immigrant ab ‚Äì doch wie bei allem was IMMI macht, hat auch der Name eine tiefgehende Bedeutung. So steht der Name ‚ÄûIMMI‚Äú nicht nur als Abk√ºrzung f√ºr das Wort Immigrant und somit den Migrationshintergrund des Rappers mit t√ºrkischen Wurzeln, sondern auch f√ºr die damit einhergehenden Problematiken wie Identifikationsschwierigkeiten oder fehlende Akzeptanz seiner Person in der Gesellschaft, trotz gro√üer Bem√ºhungen. Es ist die Unangepasstheit und der fast schon melancholische Gedanke sich dessen bewusst zu sein, nie ein vollwertiger Part dieser Gesellschaft sein zu k√∂nnen, der den K√ºnstler IMMI im Kern ausmacht.

",30,2021-11-20 04:00:06.241715
31,mlUIoA6NHxw,Save MAJOR Gas Money,"Hitchhiking is illegal in some states (6 out of 50...I googled it) This law was actually passed by giant oil companies not wanting you to know this secret life hack. You're welcome. Stay Cheap Fam...& thanks for supporting this channel. Really...your nice comments keep me going. Well, I will always be like this but your nice comments fuel the fire for me to keep sharing my secrets. Tickle the subscribe button if you have read this far.",2021-11-18 05:49:27+00:00,Jay & Sharon,UCRVtlcqayOmyuLIDrT3ng1w,23,"['#inspiration', '#lifehacks', 'ecofriendly', 'jayandsharon']",6228391,537322,7397,1960,0,48521495,145000,False,104,2020-06-27 04:27:20.760939+00:00,jaysharon,"Jay & Sharon
one boring flavor...original 

Subscribing to us is FREE...üëá

",31,2021-11-20 04:00:06.241715
32,qRdTyoZd3rg,MONSTA X Î™¨Ïä§ÌÉÄÏóëÏä§ 'Rush Hour' MV,"‚ñ∂More information
MONSTA X Official Fan cafe : http://cafe.daum.net/monsta-x
MONSTA X Official Twitter : http://www.twitter.com/OfficialMonstaX
MONSTA X Official Facebook : http://www.facebook.com/OfficialMonstaX
MONSTA X Official Instagram : https://www.instagram.com/official_monsta_x
MONSTA X Official Weibo : http://www.weibo.com/monstax

#MONSTAX #Î™¨Ïä§ÌÉÄÏóëÏä§ #MONBEBE #Rush_Hour",2021-11-19 05:00:01+00:00,starshipTV,UCYDmx2Sfpnaxg488yBpZIGg,10,"['Kpop', '1theK', 'Starshiptv', 'starship', 'loen', 'Î°úÏóî', 'ÎÆ§ÎπÑ', 'Ìã∞Ï†∏', 'MV', 'Teaser', 'Dance practice', 'Ïã†Í≥°', 'new', 'song', 'ÌïúÎ•ò', 'idol', 'hallyu', '„É≠„Ç®„É≥', '„Éü„É•„Éº„Ç∏„ÉÉ„ÇØ', '„Éü„É•„Éº„Ç∏„ÉÉ„ÇØ„Éì„Éá„Ç™', '„Ç¢„Ç§„Éâ„É´', 'ÈüìÊµÅ', 'ÈüìÂõΩ', 'ÏïÑÏù¥Îèå', 'reality', 'Î™¨Ï±ÑÎÑê', 'MONCHANNEL', 'MON-CHANNEL', 'making film', 'behind', 'MONSTA X', 'MONSTA-X', 'Î™¨Ïä§ÌÉÄÏóëÏä§', 'Î™¨Ïóë', 'MX', 'DRAMARAMA', 'THE CODE', 'ÎçîÏΩîÎìú', 'ÎìúÎùºÎßàÎùºÎßà', 'Î™¨Ïä§ÌÉÄÏóëÏä§ ÎìúÎùºÎßàÎùºÎßà', 'Í±∏Ïñ¥', 'THE CLAN', 'ALL IN', 'ÏÖîÎàÑ', 'ÌòïÏõê', 'Í∏∞ÌòÑ', 'ÎØºÌòÅ', 'Ï£ºÌóå', 'ÏïÑÏù¥Ïó†', 'SHOWNU', 'HYUNGWON', 'KIHYUN', 'MINHYUK', 'JOOHEON', 'JOOHONEY', 'IM', 'one of a kind', 'gambler', 'no limit', 'rush hour', 'ÎÖ∏Î¶¨Î∞ã']",3763856,173743,633,26385,0,2840532772,4840000,False,1981,2010-03-14 11:10:25+00:00,starshiptv,"Welcome to  StarshipTV! 
STARSHIP Entertainment  Official  YouTube Channel


KPOP MUSIC",32,2021-11-20 04:00:06.241715
33,S3BYf8buL9k,Die Echse hat einen Weihnachtstipp,"Jetzt eine signierte Echsenente unter http://www.echsshop.de bestellen und damit nicht nur sich, sondern auch anderen eine Freude machen! In begrenzter St√ºckzahl und nat√ºrlich nur f√ºr kurze Zeit.

‚òùüèªWerbung
____________________________________________________________
√úber ein virtuelles Hutgeld f√ºr die Videos auf diesem Kanal freue ich mich hier: 

https://www.paypal.me/hatzius

Michael Hatzius
DE03 1001 0010 0954 7551 05

Falls ihr uns live besuchen m√∂chtet, schaut mal hier:

https://www.michaelhatzius.de/termine

Die Echse und mehr zum Anfassen findet ihr hier:

http://www.echsshop.de

Abonniert diesen You-Tube Kanal und folgt mir auch auf:
Facebook: https://www.facebook.com/michaelhatzius
Instagram: https://www.instagram.com/michaelhatzius

Herzlichen Dank!
Michael Hatzius",2021-11-18 21:17:31+00:00,Michael Hatzius,UCBQjuq_R-8vyhWla5BJjcZA,24,"['Michael Hatzius', 'Die Echse', 'Puppenspiel', 'Comedy', 'Kabarett', 'Weihnachten', 'Weihnachtsgeschenk', 'Freude', 'Aktion']",39707,2905,42,152,0,10819145,56600,False,165,2006-08-04 08:47:30+00:00,,"Dies ist der offizielle YouTube Kanal des Puppenspielers Michael Hatzius. 

Besucht mich f√ºr mehr Infos und Tourtermine gern auf meiner Homepage: www.michaelhatzius.de und folgt mir auf Facebook und Instagram.

Falls Ihr meine Arbeit auf diesem Kanal unterst√ºtzen m√∂chtet, freue ich mich √ºber ein Hutgeld unter www.paypal.me/hatzius oder klassisch an Michael Hatzius DE03 1001 0010 0954 7551 05. Vielen Dank!
",33,2021-11-20 04:00:06.241715
34,po7gnfJkajk,YouTuber-Beef durch mein Fake-Stickerheft,"WERBUNG: Mit dem Code MARVIN45 bei CLARK registrieren und 45‚Ç¨ Amazon-Gutschein sichern: https://versicherungen.clark.app/marvin/

Hol dir jetzt dein gratis Sammelheft bei  @DER KIOSK ‚ñ∏ Langhansstra√üe 7, 13086 Berlin

BEWERBUNGEN gerne an bewerbung@marvinwildhage.de

Danke an ""Ausgew√§hlt Verpackt"" f√ºr die Unterst√ºtzung: https://www.instagram.com/ausgewaehltverpackt/
‚ñ¨‚ñ¨‚ñ¨‚ñ¨‚ñ¨‚ñ¨‚ñ¨‚ñ¨‚ñ¨‚ñ¨‚ñ¨‚ñ¨‚ñ¨‚ñ¨‚ñ¨‚ñ¨‚ñ¨‚ñ¨‚ñ¨‚ñ¨‚ñ¨‚ñ¨‚ñ¨‚ñ¨‚ñ¨‚ñ¨
‚úñÔ∏èInstagram ‚ñ∏ http://www.instagram.com/marvin.wildhage
‚úñÔ∏èPodcast ‚ñ∏ https://linktr.ee/keckundfrech
‚úñÔ∏èAnfragen ‚ñ∏ info@marvinwildhage.de
‚ñ¨‚ñ¨‚ñ¨‚ñ¨‚ñ¨‚ñ¨‚ñ¨‚ñ¨‚ñ¨‚ñ¨‚ñ¨‚ñ¨‚ñ¨‚ñ¨‚ñ¨‚ñ¨‚ñ¨‚ñ¨‚ñ¨‚ñ¨‚ñ¨‚ñ¨‚ñ¨‚ñ¨‚ñ¨‚ñ¨
üñä ‚ñ∏ https://www.instagram.com/cindy__mue/
üé• & üñä  ‚ñ∏ https://www.instagram.com/peubc/
üé•  ‚ñ∏ https://www.instagram.com/pascalkoenig.de/
üë®‚Äçüíª ‚ñ∏ https://www.instagram.com/aarontroschke/
‚ñ¨‚ñ¨‚ñ¨‚ñ¨‚ñ¨‚ñ¨‚ñ¨‚ñ¨‚ñ¨‚ñ¨‚ñ¨‚ñ¨‚ñ¨‚ñ¨‚ñ¨‚ñ¨‚ñ¨‚ñ¨‚ñ¨‚ñ¨‚ñ¨‚ñ¨‚ñ¨‚ñ¨‚ñ¨‚ñ¨",2021-11-17 17:02:00+00:00,Marvin,UCh24_9600fCJemez4RgoOmw,24,"['influencer sticker', 'influencer prank', 'stick & collect', 'stick und collect', 'tanzverbot', 'knossi', 'monte', 'montana black', 'gerda lewis', 'leoo ballys', 'krass klassenfahrt', 'jonas ems', 'Larissa Neumann', 'tigerlariz', 'maxine reuke', 'varion']",433389,39421,880,633,0,37219877,524000,False,120,2011-04-13 05:25:08+00:00,marvinwildhage,"‚úñÔ∏èInstagram ‚ñ∏ http://www.instagram.com/marvin.wildhage
‚úñÔ∏èPodcast ‚ñ∏ https://linktr.ee/keckundfrech
‚úñÔ∏èAnfragen ‚ñ∏ info@marvinwildhage.de

Impressum:  
Marvin Wildhage
B√∂rnestra√üe 24
13086 Berlin

info@marvinwildhage.de

Inhaltlich verantwortliche Person: Marvin Wildhage",34,2021-11-20 04:00:06.241715
35,5hHkADjMXgY,ICH HABE MIR IN MINECRAFT JEDEN KNOCHEN GEBROCHEN!,"‚ñ∫Abonnieren ‚Ä¢ http://EpicStun.de 
‚ñ∫Merch ‚Ä¢ http://Shop.EpicStun.de
‚ñ∫Kissen ‚Ä¢ http://Kissen.EpicStun.de

‚ñ∫Zu Katha ‚Ä¢ https://www.youtube.com/user/Dreemtum

------------

Folgt mir auf:
‚ñ∫Twitter ‚Ä¢ http://Twitter.EpicStun.de
‚ñ∫Snapchat ‚Ä¢ http://snap.epicstun.de 
‚ñ∫Instagram ‚Ä¢ http://insta.EpicStun.de 

------------

Mein Equipment:
‚ñ∫Mein Mauspad ‚Ä¢ http://amzn.to/2n39ptH *
‚ñ∫Meine Maus ‚Ä¢ http://amzn.to/2nvQsh9 *
‚ñ∫Meine Tastatur ‚Ä¢ http://amzn.to/2nrriDx *
‚ñ∫Mein Mikrofon ‚Ä¢ http://amzn.to/2n30A3a *

------------

Musik:
‚ñ∫http://youtube.com/holfix

------------

Minecraft:
‚ñ∫Offizielle Seite: http://www.minecraft.net

------------
Diese mit (*) gekennzeichneten Links sind Affiliate Links, von denen ich eine kleine Provision bekomme, sobald dar√ºber etwas gekauft wird!",2021-11-18 17:00:03+00:00,EpicStun,UCpOjsfioBK7vgfT7AZXvx4A,20,"['minecraft', 'minecraft deustch', 'deustch', 'german', 'EpicStun', 'EpicStunLP', 'mini game', 'mod', 'gaming', 'game', 'custom', 'map', 'showcase', 'challenge', 'roleplay', 'modded', 'mods', 'games', 'maps', 'secret', 'redstone', 'command', 'mini-gamegameplay', 'tutorial', 'traps', 'trolling', 'glitch', 'funny', 'minigame', 'how to', 'parody', 'adventure', 'EpicStun Minecraft']",57676,1896,75,52,0,1062349681,1090000,False,1967,2013-05-29 12:17:48+00:00,,"Minecraft Videos!

Willkommen :)
Hier gibt es t√§gliche Minecraft Videos wie Tsunami vs. Base, Hide and Seek, Minecraft Prison und vieles mehr. 
Wenn dir meine Videos gefallen, kannst du meinen Kanal kostenlos abonnieren. 

Impressum: www.unyque.net/impressum",35,2021-11-20 04:00:06.241715
36,alFyCNrCH60,Wait for it‚Ä¶ üò± #shorts,,2021-11-19 04:26:41+00:00,Taylor Red TV,UCZbxOF4JvldBz1jYDURg_gQ,10,[],3223740,91923,8445,178,0,78406384,59500,False,1054,2021-02-10 17:21:29.265712+00:00,,"All things Taylor Red! Ranging from viral TikToks, sister drama, and music! Also featuring their Sonic Drive-In Commercials the triplet girls appeared in.",36,2021-11-20 04:00:06.241715
37,sDjSYwgWFMk,T-LOW x LEXIKA - ALL EYEZ ON ME (Official Video),"‚ñ∫ ""ALL EYEZ ON ME"" ON SPOTIFY:


‚ñ∫ t-low:
‚ñ∫ Instagram: https://www.instagram.com/torlocaps/

‚ñ∫ Lexika:
‚ñ∫ Instagram: https://www.instagram.com/lexika_/

‚ñ∫ VIDEO BY: 
‚ñ∫ Instagram: https://www.instagram.com/framewarp/",2021-11-18 15:00:16+00:00,t-low,UC2n9qifesHa9_5Q1cPsNuNQ,10,"['t-low', 'tlow', 'tlowraps', 'Ordentlich', 'Geh Allein', 'Xanax doin Damage', 'torlocaps', 'Red Wine', 'Crashen', 'Luxus Leben', 'Stolz', 'Keine Zeit', 'LiTKiDS', 'Benzo', 'Diaries', 'Gang Gang', 'Lexika', 'All eyez on me', 'all eyes on me', 'Kreis', 'Chaos', 'Shoutouts', 'lostboys']",56198,7052,165,4899,0,5176568,40900,False,18,2015-03-07 20:33:33+00:00,tlow24,https://soundcloud.com/tlowraps,37,2021-11-20 04:00:06.241715
38,GvXEe4ucuXI,Squid Game Without CGI!,"Download Dragon City for free and become a Dragon Master by collecting all MrBeast Dragons:  https://dragoncity.onelink.me/DDHl/beastreacts

We react to behind the scenes of your favorite movies/tv shows such as Squid Games, Star Wars, and Harry Potter.

New Merch - https://shopmrbeast.com

CHECK OUT THESE CHANNELS
Who is there?
https://www.youtube.com/watch?v=jMC-f0AUr6s
https://www.youtube.com/watch?v=oYzXEnFdkMs

Insider
https://www.youtube.com/watch?v=vvRatTEJ0rY

Fame Focus
https://www.youtube.com/watch?v=7rk0279i7vM

FilmIsNow Movie Bloopers & Extras
https://www.youtube.com/watch?v=jYk0WHcmrYo

All About Mariana
https://www.youtube.com/watch?v=R0UHzjj_Ydo

Webgeri
https://www.youtube.com/watch?v=rmy_nhfo-xw

Xosefors
https://www.youtube.com/watch?v=9WANl0PoduM

TheCGBros
https://www.youtube.com/watch?v=eNuyFoRXmb8&ab

Abdulsalam Albakri
https://www.youtube.com/watch?v=8PhiSSnaUKk

Brent Lindeque
https://www.youtube.com/watch?v=WZrSiCso9pU

RB EMPIRE
https://www.youtube.com/watch?v=feY23JmrBEk

TheThings
https://www.youtube.com/watch?v=Cimy6T1nczw

TheLoizeauxGroupLLC
https://www.youtube.com/watch?v=EiNQMX3cLVg

Hive Funnies
https://www.youtube.com/watch?v=1JABdS-HN5A

ILMVFX
https://www.youtube.com/watch?v=gUnxzVOs3rk

----------------------------------------------------------------
Submit your videos here: https://www.beastreactssubmissions.com/
follow all of these or i will kick you
‚Ä¢ Facebook - https://www.facebook.com/MrBeast6000/
‚Ä¢ Twitter - https://twitter.com/MrBeast
‚Ä¢  Instagram - https://www.instagram.com/mrbeast
‚Ä¢  Instagram - https://www.instagram.com/beastreacts

--------------------------------------------------------------------",2021-11-18 21:29:57+00:00,Beast Reacts,UCUaT_39o1x6qWjz7K2pWcgw,24,"['life hacks', 'crafts', 'slime', 'do it yourself', 'diy', 'lifehacks', 'dily projects', 'useful things', 'how to', 'experiment', 'experiments', 'diy activities', 'handcraft', 'prank', 'funny', 'challenge', 'pranks', 'secret', 'diy slime', 'laugh', 'new', 'skills', 'tricks', 'tips', 'fun']",6510189,298916,3182,10325,0,1247008753,12400000,False,177,2016-04-24 20:43:46+00:00,beastreacts,MrBeast and Chris react to the internet's favorite videos.,38,2021-11-20 04:00:06.241715
39,BU3bTBWnvT4,"Debunking ""Healthy"" TikTok DESSERTS |  Ann Reardon How To Cook That","Debunking ""healthy"" TikTok desserts.  Sugar Alternatives Exposed.
With thanks to KiwiCo for sponsoring: https://www.kiwico.com/htct
SUBSCRIBE on youtube: http://bit.ly/H2CThat  
Support: https://patreon.com/h2ct
My Cookbook: https://bit.ly/ARcookbook
Recipe: http://howtocookthat.net
Merch: https://www.youtube.com/howtocookthat/store
How To Cook That Channel: http://youtube.com/howtocookthat
Hi I am Ann Reardon, How to Cook That is my youtube channel, filled with crazy sweet creations made just for you.  This week I am answering your request for healthy dessert recipes. There are so many healthy desserts on TikTok and YouTube but are they REALLY healthy? Is Manuka honey good for you? Is maple syrup better than sugar?  What is the best sugar alternative?  Is agave syrup bad? If fructose is bad why is fruit ok? Types of sugars. Is coconut sugar healthy? Join me for creative cakes, chocolate & desserts, new video every Friday.   

Subscribe on email: http://bit.ly/H2CTemail
SUBSCRIBE on youtube: http://bit.ly/H2CThat  

Recipe details: http://www.howtocookthat.net

Youtube Channel: http://youtube.com/howtocookthat
Instagram: http://instagram.com/howtocookthat
Facebook: https://www.facebook.com/howtocookthat

Feel like binge watching?  Here's some more of my videos:
DEBUNKING VIDEOS: https://www.youtube.com/watch?v=vSBSzWmjXO0&list=PLPT0YU_0VLHxJMqHBC2_OMTYWwQ5z_iP4

200 YEAR OLD BAKING: https://www.youtube.com/watch?v=d3nc7YoWNP4&list=PLPT0YU_0VLHzdOujRzlwwm4lqzuCxAxYy
CHOCOLATE TUTORIALS:  üç´http://bit.ly/chocolate_chocolate_and_more_chocolate

DESSERT RECIPES: üç® http://bit.ly/how_to_cook_that_dessert_recipes

CAKE DECORATING LESSONS: üç∞ http://bit.ly/amazing_cake

MINIATURE BAKING: https://www.youtube.com/playlist?list=PLPT0YU_0VLHzCHbvjWgVJcMCp9_XTCQdL

CLEVER OR NEVER: https://www.youtube.com/playlist?list=PLPT0YU_0VLHzzI_XKCK5ecRcwFC5oKBwj

10 BEST recipes in 10 minutes: https://www.youtube.com/playlist?list=PLPT0YU_0VLHw7FqmDs1OtwG4fEoRn3gv2

HOW TO MAKE MACARONS & SNACKS: üç©http://bit.ly/macarons_sweet_snacks

You can send letters & stuff to:
PO Box 202
Chirnside Park 3116 
Australia

Business enquiries only: business@howtocookthat.net

MUSIC BY: SET SAIL used with permission, check out their other songs on iTunes... https://itunes.apple.com/au/artist/set-sail/id388088498?uo=4&at=11lsF8",2021-11-19 08:30:20+00:00,How To Cook That,UCsP7Bpw36J666Fct5M8u-ZA,24,"['debunking ann reardon', 'debunking healthy tiktok desserts', 'maple syrup', 'Manuka honey', 'best sugar alternatives', 'agave nectar', 'coconut sugar', 'glycemic index explained', 'ann reardon', 'howtocookthat']",447392,48619,307,4637,0,834082272,4800000,False,472,2011-04-16 12:02:40+00:00,howtocookthat,"Hi I'm Ann Reardon welcome to How To Cook That
Have fun with me making creative dessert, cake and chocolate 
New video every second Friday. 
Subscribe: http://bit.ly/SUBSCRIBE2_how_to_cook_that
Support: https://patreon.com/h2ct
My Cookbook: https://bit.ly/ARcookbook
‚ù§Ô∏è  Merch: https://www.howtocookthat.net/public_html/shop/
MY PLAYLISTS
CAKE: http://bit.ly/amazing_cake
CHOCOLATE: http://bit.ly/chocolate_chocolate_and_more_chocolate
DESSERT RECIPES: http://bit.ly/how_to_cook_that_dessert_recipes
BAKING MACARONS AND SWEET SNACKS: http://bit.ly/macarons_sweet_snacks

Instagram: https://www.instagram.com/howtocookthat/
Facebook: https://www.facebook.com/howtocookthat

Business enquiries only: business [at] howtocookthat.net",39,2021-11-20 04:00:06.241715
40,UOnGdYtB6Pw,Weihnachtspl√§tzchen / Schokomugel / einfach und schnell / Schoko-Pl√§tzchen,"Mugel nennt man in manchen Regionen kleine H√ºgel. Die Schokomugel sind solch kleine Erhebungen. Ganz leicht herzustellen, selbst f√ºr Backanf√§nger und/oder Kinder ein Klacks und die kleinen Leckereien sind zudem lange haltbar.

Rezept (ca. 30 St√ºck)
50 g Vollmilch-Kuvert√ºre
150 g Mehl
100 g weiche Butter
35 g Zucker
1 Ei (M)
1 Prise Salz
30 g gehackte Mandeln
5 g Kakao
1/2 TL Zimt

Deko
80 g Vollmilch-Kuvert√ºre 

Backzeit:
160 ¬∞ Umluft ca. 15 Minuten im vorgeheizten Backofen

Haltbarkeit:
k√ºhl und dunkel gelagert 6-8 Wochen",2021-11-18 09:30:09+00:00,Silvia W-K,UCedE9hbOHC_YxHY0_1A151Q,22,"['Tipps', 'Tricks', 'Backen', 'Kochen', 'Garten', 'Hauswirtschaft', 'Home Economics']",65567,2874,27,149,0,50693805,203000,False,303,2015-11-26 07:51:05+00:00,,"Ich hei√üe Silvia Walerian-Kraft und bin Meisterin der st√§dtischen Hauswirtschaft. Hauswirtschaft ist bei vielen ungeliebt, aber gleichzeitig ist sie eine st√§ndige, fundamentale Lebensaufgabe. 

Silvia W-K ist der etwas andere Youtube-Kanal.  Ich bewerbe aktiv keine Firmen-Produkte. Mein Fokus liegt darin F√§higkeiten zu vermitteln bzw. kleine Tipps und Tricks zu zeigen, wie Hauswirtschaft erfolgreich gelingt. Die Videos sind praktisch ein kleines visuelles ""Nachschlagewerk"". Wichtig ist mir dabei auch, f√ºr oft kompliziert erscheinende oder dargestellte Dinge m√∂glichst einfache L√∂sungen auch mit normalen K√ºchenutensilien anzubieten.

Nat√ºrlich freue ich mich sehr √ºber viele Nutzer und Abonnenten. Gerne beantworte ich alle Fragen, die in der Community an mich gestellt werden. Neue Videos erscheinen 14t√§gig jeden Donnerstag.  ",40,2021-11-20 04:00:06.241715
41,qRk1TUaGRTc,Hurricane - Legalan (Official Video),"#Hurricane #Legalan

Label & copyright: Stema Hold, ‚Ñó & ¬© 2021. All rights reserved.

Streaming link: https://bfan.link/legalan-1

üéµ Listen:
Deezer: https://bit.ly/3kSExcu
Spotify: https://spoti.fi/3FvBU8o
Apple Music: https://apple.co/3nw7IE2
Amazon Music: https://amzn.to/3crHv3m
Tidal: https://bit.ly/3HDKAeL

üéµ Buy It On:
iTunes: https://apple.co/3nvZKe3
Amazon: https://amzn.to/3qNJ18d

Booking & info: +38165/8158-598 Nikola Brid≈æis
PR: +38160/5987-321 Ana 

Hurricane (Sanja Vuƒçiƒá, Ksenija Kne≈æeviƒá & Ivana Nikoliƒá) 

Connect with us on:
‚ñ∫ Spotify: https://spoti.fi/2OrFEiS
‚ñ∫ Apple Music: https://apple.co/2ZKN0ED
‚ñ∫ Deezer: https://bit.ly/39eYEe5
‚ñ∫ Instagram: https://bit.ly/32j5UE7
‚ñ∫ Facebook: https://bit.ly/2ZsURXh
‚ñ∫ YouTube: https://bit.ly/2E5HtjC
‚ñ∫ TikTok: https://bit.ly/3eLQsD9

üéº Muzika: Nemanja Antoniƒá
üéº Tekst: Sanja Vuƒçiƒá
üéº Aran≈æman: Nemanja Antoniƒá

üìΩ Video produkcija: Vedad Ja≈°areviƒá 

≈†minka i frizura: Tim Aleksandar Dramiƒáanin
https://www.instagram.com/aleksandar_dramicanin/

Stajling: Elena Nikolajevna


Connect on Instagram: 
‚ñ∫ Sanja Vuƒçiƒá: http://bit.ly/2wRN89n
‚ñ∫ Ivana Nikoliƒá: http://bit.ly/3cb1Po5
‚ñ∫ Ksenija Kne≈æeviƒá: http://bit.ly/3833Tew


Contact Hurricane:
office@hurricane-girls.com

(C) Stema Production


Zabranjeno je svako kopiranje video i/ili audio snimaka i postavljanje na druge kanale! ¬©
Copying, re-uploading and illegally distributing this copyrighted work is strictly prohibited! ¬©",2021-11-18 13:00:44+00:00,Hurricane,UC1HZwFml-b9q-mLscXGOEIg,24,"['hurricane', 'girls', 'band', 'video', 'song', 'favorito', 'avantura', 'personal', 'liar', 'brzi prsti', 'magic night', 'feel right', 'irma maria', 'who to love', 'hasta la vista', 'roll the dice', 'guallame el pantalon', 'pain in your eyes', 'hurricane girls', 'legalan', 'hurricane legalan', 'hurricane legalan novo', 'hurricane legalan 2021', 'hurricane koraci novo', 'hurricane koraci 2021']",1182434,43470,638,2021,0,289258719,358000,False,102,2018-01-25 12:31:17+00:00,hurricaneofficial,"Mi smo Hurricane! Dobrodo≈°li na na≈° oficijalni YouTube kanal! Nadamo se da ƒáete u≈æivati u na≈°oj muzici i spotovima üé∂‚ù§Ô∏è
We are the Hurricane! Welcome to our Official YouTube Channel! We hope that you will enjoy in our music and videos üé∂‚ù§Ô∏è


Connect with us on:
‚ñ∫ Facebook: https://bit.ly/2ZsURXh
‚ñ∫ Instagram: https://bit.ly/32j5UE7
‚ñ∫ Twitter:  https://bit.ly/2CGoIlS
‚ñ∫ TikTok: https://bit.ly/3eLQsD9

Follow us on:
‚ñ∫ Spotify: https://spoti.fi/2OrFEiS
‚ñ∫ Apple Music: https://apple.co/2ZKN0ED
‚ñ∫ Deezer: https://bit.ly/39eYEe5",41,2021-11-20 04:00:06.241715
42,c1hAG14SRVo,Hurricane - Koraci (Official Video),"#Hurricane #Koraci

Label & copyright: Stema Hold, ‚Ñó & ¬© 2021. All rights reserved.

Streaming link: https://bfan.link/koraci

üéµ Listen:
Deezer: https://bit.ly/3qRMbIe
Spotify: https://spoti.fi/3Czp6fk
Apple Music: https://apple.co/3ntvbFL
Amazon Music: https://amzn.to/3x2RtBB
Tidal: https://bit.ly/3ntzIbm

üéµ Buy It On:
iTunes: https://apple.co/3HAcp7U
Amazon: https://amzn.to/3HEAtGz

Booking & info: +38165/8158-598 Nikola Brid≈æis
PR: +38160/5987-321 Ana 

Hurricane (Sanja Vuƒçiƒá, Ksenija Kne≈æeviƒá & Ivana Nikoliƒá) 

Connect with us on:
‚ñ∫ Spotify: https://spoti.fi/2OrFEiS
‚ñ∫ Apple Music: https://apple.co/2ZKN0ED
‚ñ∫ Deezer: https://bit.ly/39eYEe5
‚ñ∫ Instagram: https://bit.ly/32j5UE7
‚ñ∫ Facebook: https://bit.ly/2ZsURXh
‚ñ∫ YouTube: https://bit.ly/2E5HtjC
‚ñ∫ TikTok: https://bit.ly/3eLQsD9

üéº Muzika: Emel Franca
üéº Tekst: Adis Eminiƒá
üéº Aran≈æman: Nemanja Mihajloviƒá

Klavir: Filip Mijailoviƒá
Prateƒái vokali: Lejla Hot
Mix & mastering: Nemanja Mihajloviƒá

üìΩ Video produkcija: Mist Media
üìΩ Producent: Nemanja Mihajloviƒá
üìΩ Re≈æija: Aleksandar Bata Stojanoviƒá
üìΩ Monta≈æa: Stevan Matiƒá
üìΩ Direktor fotografije: Vladimir Bjelobaba
üìΩ Kamera i ≈°arf: Bla≈°ko Gavriƒá ≈Ωobla
üìΩ Kolor korekcija: Stevan Matiƒá i Vladimir Bjelobaba
üìΩ Gaferi: Goran Beguliƒá i Zoran Beguliƒá - DT Light

≈†minka i frizura: Tim Aleksandar Dramiƒáanin
https://www.instagram.com/aleksandar_dramicanin/

Stajling: Elena Nikolajevna

Model: Aleksa Jordan

Connect on Instagram: 
‚ñ∫ Sanja Vuƒçiƒá: http://bit.ly/2wRN89n
‚ñ∫ Ivana Nikoliƒá: http://bit.ly/3cb1Po5
‚ñ∫ Ksenija Kne≈æeviƒá: http://bit.ly/3833Tew


Contact Hurricane:
office@hurricane-girls.com

(C) Stema Production


Zabranjeno je svako kopiranje video i/ili audio snimaka i postavljanje na druge kanale! ¬©
Copying, re-uploading and illegally distributing this copyrighted work is strictly prohibited! ¬©",2021-11-18 13:00:14+00:00,Hurricane,UC1HZwFml-b9q-mLscXGOEIg,24,"['hurricane', 'girls', 'band', 'video', 'song', 'favorito', 'avantura', 'personal', 'liar', 'brzi prsti', 'magic night', 'feel right', 'irma maria', 'who to love', 'hasta la vista', 'roll the dice', 'guallame el pantalon', 'pain in your eyes', 'hurricane girls', 'hurricane koraci', 'koraci 2021', 'hurricane koraci novo', 'hurricane koraci 2021', 'hurricane legalan', 'hurricane legalan 2021']",669990,27919,358,1626,0,289258719,358000,False,102,2018-01-25 12:31:17+00:00,hurricaneofficial,"Mi smo Hurricane! Dobrodo≈°li na na≈° oficijalni YouTube kanal! Nadamo se da ƒáete u≈æivati u na≈°oj muzici i spotovima üé∂‚ù§Ô∏è
We are the Hurricane! Welcome to our Official YouTube Channel! We hope that you will enjoy in our music and videos üé∂‚ù§Ô∏è


Connect with us on:
‚ñ∫ Facebook: https://bit.ly/2ZsURXh
‚ñ∫ Instagram: https://bit.ly/32j5UE7
‚ñ∫ Twitter:  https://bit.ly/2CGoIlS
‚ñ∫ TikTok: https://bit.ly/3eLQsD9

Follow us on:
‚ñ∫ Spotify: https://spoti.fi/2OrFEiS
‚ñ∫ Apple Music: https://apple.co/2ZKN0ED
‚ñ∫ Deezer: https://bit.ly/39eYEe5",42,2021-11-20 04:00:06.241715
43,mHJwwEfVBzY,Das legend√§re FITNESS CHILI ‚Äì Das beste Muskelaufbau Fitness Rezept | Sascha Huber,"‚ûû Spare jetzt 10% mit dem Code ""SASCHA10"" auf deine gesamte Bestellung bei Prozis (Europas Marktf√ºhrer bei Sportnahrung): http://prozis.com/1VtY 
‚ûû Neue XXL Kampagne gilt nur bis 21.November! (GRATIS PRODUKTE): 

‚úò Bei Bestellungen ab 25‚Ç¨ (1 Gratis Produkt!)
‚ûû 1x √úberraschungsgeschenk (Ab 25‚Ç¨ bis 35‚Ç¨) 

‚úòBei Bestellungen ab 35‚Ç¨ (2 Gratis Produkte!) 
‚ûû 2x Zero Chocodots (Smarties Ersatz): (http://prozis.com/5dxC)

‚úòBei Bestellungen ab 45‚Ç¨ (3 Gratis Produkte!) 
‚ûû 3x Zero Chocodots (Smarties Ersatz): (http://prozis.com/5dxC)

‚úòBei Bestellungen ab 55‚Ç¨ (5 Gratis Produkte!) 
‚ûû Alle gratis Produkte ab 45‚Ç¨ und noch dazu: 
‚ûû 2x Zero Protein Chips - Barbecue: (http://prozis.com/2D6N)

‚úòBei Bestellungen ab 70‚Ç¨ (6 Gratis Produkte!) 
‚ûû Alle gratis Produkte ab 55‚Ç¨ und noch dazu: 
‚ûû 1x Whey Choco Butter - NutChoc (Nutella Ersatz): (http://prozis.com/2NKh)

‚úòBei Bestellungen ab 80‚Ç¨ (8 Gratis Produkte!) 
‚ûû Alle gratis Produkte ab 70‚Ç¨ und noch dazu: 
‚ûû 2x Zero Break Duo (KitKat Ersatz): (http://prozis.com/5Ch3)

‚úòBei Bestellungen ab 100‚Ç¨ (9 Gratis Produkte!) 
‚ûû Alle gratis Produkte ab 80‚Ç¨ und noch dazu: 
‚ûû 1x Omega3 - 90 Tabs: (http://prozis.com/5MYN)

 _____

‚úò Meine Supplements: (CODE: SASCHA10)‚ûû 10% sparen

‚ûû Protein - Preis/Leistungs Sieger (g√ºnstiger im 2er-Pack): (http://prozis.com/6rYN)
‚ûû Protein - Das G√ºnstigste (g√ºnstiger im 2er-Pack): (http://prozis.com/6rYT)
‚ûû Multi PRZ (Zink, Magnesium, usw.): (http://prozis.com/4FMx)
‚ûû Kreatin: (http://prozis.com/1ZgZ)
‚ûû Omega 3: (http://prozis.com/1XJ8)
‚ûû Vitmain D3: (http://prozis.com/6vVM)

‚ûû Booster (Pre-Workout): (http://prozis.com/5H6h)

‚ûû Protein Riegel: (http://prozis.com/2WfP)
‚ûû Protein Milch (Schoko,Vanille...): (http://prozis.com/2NKG)
‚ûû Masse Gainer (g√ºnstiges 2er-Pack): (http://prozis.com/4JWb)
‚ûû Peanut Butter: (http://prozis.com/2Rsc)
‚ûû Haferflocken: (http://prozis.com/3wXv)
‚ûû Veganes Protein: (http://prozis.com/40Cn)

‚ûû Protein Aufstrich (Nutella Ersatz): (http://prozis.com/2NKh)
‚ûû Protein Candy (M&M's Ersatz): (http://prozis.com/3f0n)
‚ûû Protein Cookie Box: (http://prozis.com/3f0b)
‚ûû Protein M√ºsli: (http://prozis.com/1XBS)
‚ûû Protein Granola: (http://prozis.com/5YXW)

‚úò Mein Trainingsequipment: (CODE: SASCHA10)‚ûû 10% sparen

‚ûû Fitness Profi Handschuhe (Handgelenksschutz): (http://prozis.com/6bYr)
‚ûû Fitness Handgelenksbandagen: (http://prozis.com/6wWg)
‚ûû Fitness Handschuhe Ultra Grip: (http://prozis.com/5ZqW)

___

‚úò Folgt mir, Freunde!
‚ûû Instagram: http://instagram.com/sascha_huber_official
‚ûû Business Anfragen: sascha.business@gmx.at

___

‚úò Rezept

Zutaten f√ºr 6 Personen (Wenn ihr eine Zutat nicht Zuhause habt, einfach weglassen oder beliebig ersetzen)

‚ûû350g K√ºrbis gew√ºrfelt 
‚ûû150g rote Linsen 
‚ûû1 Karotte 
‚ûû400g Veganes Fachiertes (2 Packungen)
‚ûû400g gehackte tomaten (1 Dose) 
‚ûû450 ml Gem√ºsebr√ºhe 
‚ûû1 Dose Kidney Bohnen 
‚ûû1 Dose wei√üe Bohnen 
‚ûû1 Dose Mais 
‚ûû1 EL Oliven√∂l
‚ûû1 gro√üe Zwiebel oder 2 Kleine (gehackt)
‚ûû3-5 Knochblauchzehen gehackt
‚ûû1tl Paprikapulver
‚ûû1-2 tl chilipulver oder 2-3 gehackte chilischoten (oder Beides, je nachdem wie scharf ihr es m√∂gt) 
‚ûû2 tl Kakaopulver (http://prozis.com/bkBv)
‚ûû2 EL Tomatenmark 
‚ûûSalz und Pfeffer 
‚ûûWrap (Piadinas: http://prozis.com/6mVl)

‚úò Zubereitung: 

1) Feuer machen (Scherz)

1) Als Erstes mal alles schnibbeln. Also Zwiebel und Knoblauch sch√§len. Zwiebeln w√ºrfeln, Knoblauch fein hacken. Dann Chili l√§ngs aufschneiden, Kerne entfernen und in feine Ringe schneiden. Karotte sch√§len, vierteln und in feine Scheiben schneiden. K√ºrbis halbieren, Kerngeh√§use und Stiel entfernen, einfach mit L√∂ffel ausscharben und ca. 1 cm dicke Scheiben schneiden,  dann w√ºrfeln.
2) Gem√ºsebr√ºhe vorbereiten (Hei√ües Wasser in Topf geben und Suppenw√ºrfel oder Suppenpulver dazugeben) 
3) √ñl in Topf gut erhitzen und Zwiebel 2-3 Minuten glasig anbraten. Anschlie√üend Knoblauch, Chilischoten und das Hack dazugeben. Weiter kurz anbraten. Karotten und K√ºrbis hinzugeben und mitd√ºnsten lassen. Anschlie√üend Tomatenmark hinzuf√ºgen. Linsen in ein Sieb geben, waschen bis sie nicht mehr sch√§umen und dazugeben. Gew√ºrze hinzuf√ºgen (Paprikapulver, Chilpulver, Kakaoupulver)
4) Das Ganze mit 1 Dose gehackte Tomaten und Gem√ºsebr√ºhe aufgie√üen , verr√ºhren und zum Kochen bringen. Anschlie√üend die Hitze auf niedrige Stufe reduzieren und 10 Minuten k√∂cheln lassen.
5) Mit Salz und Pfeffer abschmecken.
6) Bohnen und Mais abgie√üen (Im Sieb kurz abwaschen) und dazugeben. Weitere 5-10 minuten k√∂cheln lassen.

Mahlzeit! 

Gerne mit Naturyoghurt und einen Wrap servieren. 
Wrap: (Piadinas: http://prozis.com/6mVl)

Wenn es mal schnell gehen muss: Ihr findet viele gesunde, auch vegetarische und vegane Fertiggerichte bei Prozis:

Meine Empfehlungen:
Protein Pizza: http://prozis.com/8CJG
Protein Eis: http://prozis.com/bkzx
Custard: http://prozis.com/8Z87
und vieles mehr: http://prozis.com/bkzD

__

‚úò Musik

Artlist: https://bit.ly/3nhsMv7

Melde dich √ºber die Links an, und bekomme zwei Monate zu deinem Abo gratis dazu.

__

Die Links sind Affiliate-Links",2021-11-18 18:30:26+00:00,Sascha Huber,UCl5_liU7CWXwkGU3Vf3UGNQ,17,"['fitness rezept', 'rezept', 'gesund', 'protein', 'eiwei√ü', 'eiweis', 'muskelaufbau', 'muskeln', 'muskel', 'kostenlos', 'sascha huber', 'sascha', 'huber', 'rezepte', 'fitness', 'fit', 'fitness rezepte', 'abnehmen', 'aufbauen', 'muskeln aufbauen', 'fett verbrennen', 'outdoor', 'kitchen', 'k√ºche', 'kochen', 'vegan', 'vegetarisch', 'pflanzlich']",93425,13090,64,781,0,270910289,1410000,False,353,2008-09-20 16:14:38+00:00,saschahuber,"Hallo Freunde!!! 

Willkommen auf meinem Kanal, freut mich, dass ihr zu mir gefunden habt.
Hier dreht sich alles rund um Fitness. 

Ich hoffe, ich kann euch mit meinen Videos motivieren und helfen. 
Habt Spa√ü, haut rein und lasst mir gerne euer Feedback da!

Euer Sascha",43,2021-11-20 04:00:06.241715
44,hxdEMb9CHcA,Vierte Corona-Welle: Wie schlimm kann sie noch werden? | Markus Lanz vom 17. November 2021,"Tagt√§glich werden neue Corona-Rekordzahlen geschrieben, immer mehr Menschen werden auf den Intensivstationen behandelt. Die Impfquote steigt dagegen nur schleppend. Viele fragen sich daher, wie wir durch den n√§chsten Corona-Winter kommen sollen.

Denn dass die Lage zunehmend ernster wird, berichtet der Intensivpfleger Ralf Berning. Er arbeitet in einer Bielefelder Klinik, wo er jeden Tag die Folgen schwerer Corona-Infektionen beobachtet. Bei ihm sei die Aufteilung der Corona-Patient*innen eindeutig: 70 Prozent seien ungeimpft, 30 Prozent geimpft. Die Kapazit√§ten reichten nicht mehr, viele Pflegerinnen und Pfleger k√∂nnten dem Arbeitsdruck nicht mehr Stand halten. 

Von der Politik f√ºhlt sich Berning vergessen: Nach den ganzen ""Lippenbekenntnissen"" der Politi-ker*innen - wie ""bessere L√∂hne"" oder ""Unterst√ºtzung im Personal"" - sei viel zu wenig passiert. Die Folge: Intensivbetten mussten abgebaut werden, weil kein Personal f√ºr die Betreuung dieser Betten vorhanden ist.

Um die Lage auf den Intensivstationen wieder in den Griff zu bekommen, fordert der SPD-Gesundheitsexperte Karl Lauterbach eine bundesweite 2G-Regelung f√ºr √∂ffentliche Bereiche wie Gesch√§fte oder Theater. Mit einer Impfpflicht k√∂nne man zwar auch einen Erfolg erzielen, doch erst in einigen Monaten. Man m√ºsse jetzt schnell handeln. Und: Um das Coronavirus langfristig einzud√§mmen, m√ºsse die weitere Impfung der Bev√∂lkerung, vor allem die Booster-Impfung, deutlich hochgefahren werden.

Aus Sicht von Intensivpfleger Ralf Bering kommt das zu sp√§t. ""Meine Klinik boostert schon seit August"", sagt er. Dass das Boostern von Patient*innen sechs Monate nach dem vollst√§ndigen Impfschutz sinnvoll ist, habe man schon vor Monaten gewusst - weshalb die im Dezember 2020 geimpften Personen schon l√§ngst an der Reihe gewesen seien. ""Uns war das klar!""

Den gesamten Talk findet ihr hier: https://kurz.zdf.de/cbd/
 
Weitere G√§ste in der Sendung:

Christoph Plo√ü, Politiker
Der Hamburger CDU-Chef nimmt Stellung zur Corona-Politik des von seiner Partei gef√ºhrten Gesundheitsministeriums sowie zur CDU-Neuaufstellung und Vorsitzenden-Suche.
 
Helene Bubrowski, Journalistin
Die ""FAZ""-Redakteurin hinterfragt das Krisenmanagement der verantwortlichen politischen Akteure. Mit Blick auf die Regierungsbildung sagt sie: ""Es ist ein katastrophaler Start.""

_____

Hier auf ZDFheute Nachrichten erfahrt ihr, was auf der Welt passiert und was uns alle etwas angeht: Wir sorgen f√ºr Durchblick in der Nachrichtenwelt, erkl√§ren die Hintergr√ºnde und gehen auf gesellschaftliche Debatten ein. Diskutiert in Livestreams mit uns und bildet euch eure eigene Meinung mit den Fakten, die wir euch pr√§sentieren.

Abonniert unseren Kanal, um nichts mehr zu verpassen.

Immer auf dem aktuellen Stand seid ihr auf http://www.ZDFheute.de/.

#corona #intensivstationen #viertewelle",2021-11-18 07:53:57+00:00,ZDFheute Nachrichten,UCeqKIgPQfNInOswGRWt48kQ,25,"['zdf', 'Lanz', 'Markus Lanz', 'ZDF', 'ZDFheute', 'Nachrichten', 'News', 'ZDF Nachrichten', 'Booster', 'Boosterimpfung', 'Corona Booster', 'Corona dritte Impfung', 'Drittimpfung Corona', 'Drittimpfung', 'Booster Lanz', 'Corona Lanz', 'Intensivstationen', 'Vierte Welle', 'Corona vierte welle', 'vierte welle lanz', 'intensivpfleger lanz', 'lauterbach lanz', 'Karl Lauterbach', 'Lauterbach Lanz corona', '2g', '3g', 'impfung', 'impfung lanz', 'lauterbach 2g', 'impfpflicht', 'pflicht impfung corona', 'corona lage intensivstationen']",331702,2997,2214,4164,0,269757003,506000,False,2988,2019-08-05 12:42:10+00:00,zdfheute,"Willkommen auf dem offiziellen ZDFheute Nachrichten YouTube-Kanal. 

Hier erfahrt ihr, was auf der Welt passiert und was uns alle etwas angeht: Wir sorgen f√ºr Durchblick in der Nachrichtenwelt, erkl√§ren die Hintergr√ºnde und ordnen aktuelle Meldungen ein.",44,2021-11-20 04:00:06.241715
45,TqM50Q5haz0,POV: A boy lives in a city where everyone has superpowers but him‚Ä¶ or so he thought üëÄ,"Inspired by @mickeyngx on TikTok! (https://www.tiktok.com/@mickeyngx?lang=en) // Follow me on IG for your daily dose of Ian! üôåüèº IG: https://www.instagram.com/ianboggz/

Hey Ian Nation! What do you think is going to happen next? üëÄ Subscribe for more!

#Shorts‚Äã

Subscribe to join the best community on here! ‚ô°

WHO AM I? üòÑ
Hey friends, I'm Ian Boggs!!
I'm a creative, actor, model & writer. My goal is to being more creativity and joy into the world, one video, picture or movie at a time! ^_^
#pov",2021-11-18 16:00:26+00:00,Ian Boggs,UC9yadlAEiyOUNa3y4dnuYFg,24,"['Ian Boggs', 'Ian Boggs TikTok', 'ian boggs friends with celebrities', 'ian boggs anime', 'ian boggs how apps were named', 'POV', 'pov tiktok boys edition', 'pov tiktok', 'pov tiktoks that should be on netflix', 'pov tiktoks funny', 'pov tiktoks that hit different', 'acting challenge tiktok', 'acting challenge', 'soulmate', 'soulmate povs tiktok', 'soulmate povs', 'soulmate pov marvel', 'tiktok povs boys edition', 'pov', 'povs', 'funny pov', 'ian pov', 'marvel', 'dc']",3010192,362781,3673,3878,0,2009041422,2670000,False,525,2010-03-25 23:49:49+00:00,ianboggs,"A human who loves creating, nice to meet you! I do everything from Anime & Japanese and Comedy content to challenges, traveling and tutorials! Subscribe for some more awesome content(:",45,2021-11-20 04:00:06.241715
46,7TWWJtkToOw,Man kann Rauch einfrieren?! Pt 2 üò≥üí®‚ùÑÔ∏è,,2021-11-17 13:23:46+00:00,Fabian Baggeler - Shorts,UC3p1mLqSIKe7ccXPcq8lsew,22,[],555812,30263,1256,95,0,19879046,26800,False,106,2021-05-05 14:09:18.349843+00:00,,Meine Shorts üíØ,46,2021-11-20 04:00:06.241715
47,NqVS70vcg60,Hermitcraft 8 Episode 17: I'm Back With A SURPRISE!,"Limited Time Swaggon Merch link: https://represent.com/store/goodtimeswithscar

Hermitcraft season 8 episode 17! We start out Ep 17 of Hermitcraft S8 by finding the enormous moon and giving Mumbo his Boatem hat. We meet up with the rest of Boatem and make some company changes and after the meeting, we find a prank from the Big Eyes. I hope you enjoyed the episode and see you in the next one!


Hermitcraft Season 8 playlist: https://www.youtube.com/playlist?list=PLSCZsQa9VSCdDJmIMkIuK0XazfnI677oV

---------------------------------------------------------
Hermitcraft SMP - season 8 info:

We have 2 new Hermitcraft members for the new season: 
*GeminiTay: https://www.youtube.com/user/GeminiTard
*PearlescentMoon: https://www.youtube.com/c/PearlescentMoon

We are all playing and building on one big Hermit island together with Minecraft proximity voice chat mod. 

Seed: -7381235180058670651

For more information and links to all things Hermitcraft, follow the link to the Hermitcraft website: https://hermitcraft.com/

------------------------------------------------------

My Links and stuff:

* Patreon: https://www.patreon.com/user?u=21298347
* Twitter: http://twitter.com/#!/GTWScar
* Twitch: http://www.twitch.tv/goodtimeswithscar
* Instagram: http://instagram.com/goodtimeswithscar
*TikTok: https://www.tiktok.com/@goodtokswithscar?
--------------------------------------------------------

#HermitCraft8 #HermitCraftSeason8 #Goodtimeswithscar",2021-11-18 16:30:03+00:00,GoodTimesWithScar,UCodkNmk9oWRTIYZdr_HuSlg,20,"['minecraft', 'hermitcraft', 'hermitcraft 8', 'hermitcraft season 8', 'hermitcraft 8 scar', 'hermitcraft season 8 scar', 'hermitcraft scar', 'hermitcraft smp', 'hermitcraft mega base', 'hermitcraft base', 'hermitcraft 8 earthquake', 'hermitcraft 8 moon', 'moon', 'hermitcraft moon', 'hermitcraft 8 boatem', 'boatem', 'hermitcraft hats', 'Mumbos hat', 'goodtimeswithscar', 'scar', 'boatem village', 'season 8']",483159,48808,156,4121,0,195906849,1690000,False,1337,2011-02-19 19:54:28+00:00,goodtimeswithscar,Welcome to GoodTimesWithScar YouTube channel page. My Youtube channel is dedicated to entertaining and helping other gamers.,47,2021-11-20 04:00:06.241715
48,aKZHwX8CZLg,GRO√üE BEHANDLUNG BEIM ZAHNARZT üòÅ Team Harrison,"UNSERE SOCIAL MEDIA ACCOUNTS - FOLLOW US ‚ô°
Youtube ‚ñ∫ https://tinyurl.com/y7jonjup
Sarah Instagram ‚ñ∫ https://www.instagram.com/sarah.harri...
TikTok ‚ñ∫ https://vm.tiktok.com/w8vQQa/
Dominic Instagram ‚ñ∫ https://www.instagram.com/dominic.har...

HIER FINDET IHR MEHR VIDEOS VON UNS:
Dubai Playlist ‚ñ∫ https://tinyurl.com/ajkp9cxc
Schwangerschaft Playlist ‚ñ∫ https://tinyurl.com/yc96w99j
Los Angeles Playlist ‚ñ∫ https://tinyurl.com/ybszppv9
TeamHarrisons Vlogs ‚ñ∫ https://tinyurl.com/ydaxmatv
Hochzeit Playlist ‚ñ∫ https://tinyurl.com/y83syztsWenn Ihr in einem Video von uns gegr√º√üt werden m√∂chtet
‚ñ∫ Abonniert unseren Channel https://tinyurl.com/y7jonjup
‚ñ∫ Like das Video 

Viel Spa√ü beim anschauen 
Ganz liebe Gr√º√üe 
FAMILIE HARRISON",2021-11-17 15:00:00+00:00,Team Harrison,UCvX4QLz-gxgWpQXTutSan_w,22,"['Team Harrison', 'aktion', 'crazy', 'familie', 'family', 'auswandern', 'goodbye deutschland', 'verr√ºckt', 'new', 'neuheit', 'veneers', 'z√§hne', 'gebiss', 'Zahnarzt', 'theeth', 'veners', 'zahnspange', 'wurzelbehandlung', 'dubai', 'neue z√§hne', 'neues lachen', 'lachen', 'smile', 'gl√ºcklich']",175529,5443,1170,0,0,349035736,1250000,False,460,2015-05-28 17:44:23+00:00,sarahnowakofficial,"Viel Spa√ü hier auf meinem Kanal :-)

Impressum:
Sarah Harrison
(gleichzeitig verantwortlich f√ºr den Inhalt gem. ¬ß 55 Abs. 2 RStV)

Z.H. Herr Hornsteiner 
Nymphenburgerstr.48
D ‚Äì 80335 M√ºnchen
¬†
E-Mail: booking@sarahharrison-entertainment.com 
www.teamharrison.de
¬†
Umsatzsteuer-ID. Nr.: DE287715651",48,2021-11-20 04:00:06.241715
49,2ryxCFBWYko,Irref√ºhrende Siegel bei DRSMILE? ‚ùå Klage ist raus! üö® UNDERCOVER in der Praxis! (Teil 1),"Oh je, die Verbraucherzentrale hat herausgefunden, dass bei DrSmile nicht alles immer so shiny ist wie das L√§cheln von Annemarie Carpendale aus der DrSmile Werbung. Der Gr√ºnder Jens Urbaniak hat uns ein Interview gegeben und stundenlang all unsere BOHRENDEN Fragen beantwortet!

Au√üerdem wagen wir uns noch mal in die H√ñHLE DER L√ñWEN √§√§√§h ALIGNER und machen den Selbstversuch: Wir haben unsere besten Leute (undercover) losgeschickt und mit bestem Wissen und GEBISSEN mal die DrSmile Praxen ausgecheckt. Wir wollten herausfinden, wie die Behandlung dort wirklich ist. Gibt es dort Zahn√§rztinnen und Zahn√§rzte? Wird man √ºber die Risiken aufgekl√§rt? Und wer haftet eigentlich, wenn was schiefgeht? Eins sei gesagt: Es gibt so viel zu erz√§hlen, dass wir gleich 2 Teile daraus machen mussten.

Wir sind √ºbrigens auch bei Instagram: 
Robert: https://instagram.com/robertmitfilter
Marlene: https://instagram.com/melelelelelelele
Raphael: https://instagram.com/TeamRaphRaff 
√ñzge: https://instagram.com/oezgelation
Kim: https://instagram.com/kimsibimsi

YEAH! Wir geh√∂ren auch zu #funk. Schaut da mal rein:

‚ñ∂Ô∏è YouTube: https://www.youtube.com/funkofficial 
‚ñ∂Ô∏è Instagram: https://www.instagram.com/funk 
‚ñ∂Ô∏è TikTok: https://www.tiktok.com/@funk 
‚ñ∂Ô∏è Website: https://go.funk.net 

https://go.funk.net/impressum",2021-11-17 15:36:17+00:00,offen un' ehrlich,UC78qa96bVJpd6xrW-2FTRmw,22,"['zahnschiene', 'aligner', 'drsmile', 'doktor smile', 'plusdental', 'jens urbaniak', 'drsmile interview', 'influencer smile', 'influencer l√§cheln', 'gerade z√§hne', 'perfekte z√§hne', 'juliabeautx drsmile', 'bonnytrash drsmile', 'annemarie carpendale drsmile', 'verbraucherzentrale drsmile', 'verbraucherzentrale aligner', 't√ºv siegel drsmile', 'aligner rabattcode', 'drsmile verklagt', 'erfahrung drsmile', 'erfahrung aligner', 'erfahrung zahnschienen', 'kritik drsmile', 'kritik aligner', 'offen un ehrlich', 'offen und ehrlich']",216805,15974,151,1193,0,86183441,436000,False,190,2016-09-06 22:14:24+00:00,offenunehrlich,"Hi, wir sind offen un' ehrlich und wir springen f√ºr euch auf den Hype Train, immer auf der Suche nach den neuesten Trends und Fakes. 

Wenn ihr Themenvorschl√§ge habt, k√∂nnt ihr die gerne an uns schicken: offenunehrlich@sr.de

Wir haben ein üß° f√ºr Kritiker, aber nicht f√ºr ‚ö°Ô∏è Hater. Denk bitte beim Kommentieren daran, dass du es hier mit echten Menschen zu tun hast. Verhalte dich am besten so, wie du auch behandelt werden m√∂chtest. http://go.funk.net/netiquette

Offen un' ehrlich wird produziert von funk. funk ist ein Gemeinschaftsangebot der Arbeitsgemeinschaft der Rundfunkanstalten der Bundesrepublik Deutschland (ARD) und des Zweiten Deutschen Fernsehens (ZDF). 

funk hat auf die datenschutzrechtlichen Bestimmungen dieser Plattform sowie die Erhebung, Analyse und Nutzung von Userdaten keinen Einfluss. Im Rahmen unserer M√∂glichkeiten gehen wir mit der gr√∂√üten Sensibilit√§t mit Deinen Daten um. Weitere Informationen zum Thema Datenschutz: https://www.funk.net/datenschutz
",49,2021-11-20 04:00:06.241715
50,hlQriMuU0bs,Mercedes G 400d oder G 500 mit V8? | Diesel oder Benziner | Frage f√ºr nen Freund | Matthias Malmedie,"Mein Kumpel will wissen, welche Mercedes G-Klasse er sich holen soll. Mercedes G 400d oder G 500 mit V8? Ich fahre beide f√ºr ihn. Viel Spa√ü beim Anschauen!

#WerKegelnWillMussAufstellen #G500oderG400Diesel #MatthiasMalmedie

------
YouTube Kanal abonnieren: https://www.youtube.com/c/MatthiasMalmedieofficial?sub_confirmation=1
-----
Hier gibts die coolen QLMD - Klamotten von Matthias:  https://www.qualmedie.com
-----
Daily Updates gibts hier:
Instagram: https://www.instagram.com/matthiasmalmedie/
Facebook: https://www.facebook.com/qualmedie/
------
#QLMD #Malmedie #Qualmedie",2021-11-17 14:00:11+00:00,Matthias Malmedie,UC8xqBQRIXKcnxU4yDu6X07A,2,"['Ich frage f√ºr einen Freund', 'Ich frag f√ºr nen Freund', 'G 400 Diesel', 'G 500', 'mercedes g500', 'Auto Check', 'Matthias Malmedie', 'matthias malmedie testet', 'malmedie', 'mercedes g-klasse', 'mercedes benz', 'mercedes g', 'mercedes neue g klasse', 'mercedes g klasse', 'mercedes g400d', 'v8', 'Sechszylinder Diesel G-Klasse', 'g400d vs g500', 'Reichweite', 'G-Klasse Review', '2021', '2022', 'Preisvergleich', 'Kaufberatung', 'G fahren', 'G-Klasse 2022', 'g-winner', 'autohaus elegance', 'welche g klasse ist die beste', 'G klasse vergleich']",170545,5410,130,1005,0,62176595,503000,False,139,2014-11-06 16:39:24+00:00,matthiasmalmedieofficial,"Hier gehts zu den neuen Qualmedie-Styler-Klamotten:
www.qualmedie.com",50,2021-11-20 04:00:06.241715
